,country_name,country_id,year,v2cldiscm,v2cldiscw,v2clacfree,v2clrelig,v2clfmove,v2cldmovem,v2cldmovew,score,pan_dem
0,Mexico,3,2018,2.688,1.442,1.76,1.263,2.059,1.837,2.008,13.056999999999999,0.4663214285714285
1,Mexico,3,2019,2.688,1.442,1.76,1.263,2.059,1.837,2.008,13.056999999999999,0.4663214285714285
2,Mexico,3,2020,1.694,1.005,1.699,1.263,2.059,1.837,2.008,11.565000000000001,0.41303571428571434
3,Mexico,3,2021,1.694,1.005,1.163,1.263,2.059,0.84,2.008,10.032,0.35828571428571426
4,Suriname,4,2018,2.373,1.873,1.481,1.208,1.817,2.156,1.421,12.329,0.4403214285714286
5,Suriname,4,2019,1.563,1.873,1.481,1.208,1.44,1.516,1.421,10.501999999999999,0.37507142857142856
6,Suriname,4,2020,1.774,1.853,1.481,2.241,1.792,1.516,1.421,12.078,0.43135714285714283
7,Suriname,4,2021,2.33,1.853,0.814,2.241,1.792,2.079,1.653,12.762,0.4557857142857143
8,Sweden,5,2018,1.873,1.974,3.263,2.667,1.988,1.812,1.896,15.472999999999999,0.5526071428571429
9,Sweden,5,2019,1.873,1.974,3.263,2.667,1.988,1.812,1.896,15.472999999999999,0.5526071428571429
10,Sweden,5,2020,1.873,1.974,3.263,2.667,1.989,1.935,1.896,15.597000000000001,0.5570357142857143
11,Sweden,5,2021,1.873,1.974,3.263,2.667,1.989,1.935,1.896,15.597000000000001,0.5570357142857143
12,Switzerland,6,2018,2.574,2.87,2.962,1.63,2.257,1.719,1.884,15.896,0.5677142857142857
13,Switzerland,6,2019,2.574,2.87,2.962,1.63,2.257,1.719,1.884,15.896,0.5677142857142857
14,Switzerland,6,2020,2.574,2.87,2.962,1.63,0.837,1.719,1.884,14.476,0.517
15,Switzerland,6,2021,2.574,2.87,2.962,1.63,1.749,1.719,1.884,15.388000000000002,0.5495714285714286
16,Ghana,7,2018,2.176,1.613,2.273,2.482,1.892,2.543,1.53,14.508999999999999,0.5181785714285714
17,Ghana,7,2019,2.176,1.613,1.699,2.482,2.545,2.543,1.53,14.588,0.521
18,Ghana,7,2020,2.581,1.954,1.699,2.482,1.83,2.543,2.129,15.218000000000002,0.5435000000000001
19,Ghana,7,2021,1.538,1.005,1.364,2.482,1.83,2.543,2.129,12.891,0.46039285714285716
20,South Africa,8,2018,1.421,1.598,2.054,2.278,1.36,1.93,1.663,12.304,0.43942857142857145
21,South Africa,8,2019,1.421,1.598,2.057,2.278,1.36,1.498,1.178,11.39,0.4067857142857143
22,South Africa,8,2020,1.421,1.392,2.057,2.278,1.327,1.498,0.965,10.937999999999999,0.3906428571428571
23,South Africa,8,2021,1.421,1.392,2.057,2.278,1.327,1.498,0.965,10.937999999999999,0.3906428571428571
24,Japan,9,2018,1.929,1.347,2.273,2.513,1.774,2.145,2.342,14.322999999999999,0.5115357142857142
25,Japan,9,2019,1.929,1.347,2.273,2.513,1.774,2.145,2.342,14.322999999999999,0.5115357142857142
26,Japan,9,2020,2.303,1.477,2.273,2.513,1.046,1.189,2.342,13.143,0.46939285714285717
27,Japan,9,2021,2.303,1.477,2.273,2.513,1.046,1.189,2.342,13.143,0.46939285714285717
28,Burma/Myanmar,10,2018,0.999,0.626,0.394,-0.344,-0.333,-0.127,-0.305,0.9100000000000004,0.032500000000000015
29,Burma/Myanmar,10,2019,0.999,0.781,0.25,-0.421,-0.333,-0.127,-0.305,0.8440000000000003,0.030142857142857155
30,Burma/Myanmar,10,2020,0.999,0.942,0.333,-0.341,-0.053,-0.408,-0.416,1.0560000000000003,0.03771428571428572
31,Burma/Myanmar,10,2021,-2.097,-2.422,-2.146,-0.908,-1.598,-1.598,-1.55,-12.319000000000003,-0.4399642857142858
32,Russia,11,2018,0.423,0.394,-0.43,-0.134,0.647,1.192,1.417,3.5089999999999995,0.12532142857142856
33,Russia,11,2019,0.423,0.394,-0.55,-0.173,0.647,1.192,1.417,3.3499999999999996,0.11964285714285713
34,Russia,11,2020,0.423,0.394,-0.715,-0.173,0.647,1.192,1.417,3.185,0.11375
35,Russia,11,2021,0.435,0.375,-0.913,-0.121,0.647,1.192,1.013,2.628,0.09385714285714286
36,Albania,12,2018,1.555,1.417,1.214,2.254,1.954,2.027,1.578,11.998999999999999,0.42853571428571424
37,Albania,12,2019,1.423,1.687,1.157,1.769,1.954,2.095,2.408,12.493,0.4461785714285714
38,Albania,12,2020,1.589,1.841,0.887,1.769,1.954,2.095,2.408,12.543000000000001,0.44796428571428576
39,Albania,12,2021,1.589,1.673,0.887,1.769,2.27,2.095,2.408,12.691,0.45325000000000004
40,Egypt,13,2018,-1.476,-1.206,-1.737,-0.853,-1.116,0.603,-0.466,-6.251,-0.22325
41,Egypt,13,2019,-1.558,-1.206,-1.737,-0.853,-1.116,1.218,-0.466,-5.718000000000001,-0.20421428571428574
42,Egypt,13,2020,-1.558,-1.206,-1.737,-0.364,-0.963,1.218,-0.466,-5.0760000000000005,-0.1812857142857143
43,Egypt,13,2021,-1.558,-1.206,-1.737,-0.09,-1.16,1.115,-0.466,-5.102,-0.18221428571428572
44,Yemen,14,2018,-1.338,-1.254,-2.342,-3.428,-1.762,-1.644,-2.037,-13.805,-0.4930357142857143
45,Yemen,14,2019,-1.042,-1.1,-1.805,-3.428,-1.602,-1.644,-1.901,-12.522,-0.44721428571428573
46,Yemen,14,2020,-1.001,-1.1,-1.805,-3.428,-1.871,-1.644,-2.461,-13.31,-0.47535714285714287
47,Yemen,14,2021,-0.926,-1.069,-1.805,-2.92,-1.657,-1.644,-2.037,-12.058,-0.43064285714285716
48,Colombia,15,2018,0.776,0.451,1.31,1.968,2.096,0.984,0.795,8.38,0.2992857142857143
49,Colombia,15,2019,-0.178,-0.231,0.687,1.469,1.581,0.555,0.529,4.412000000000001,0.1575714285714286
50,Colombia,15,2020,-0.397,-0.497,0.687,1.221,0.877,0.89,0.529,3.31,0.11821428571428572
51,Colombia,15,2021,-0.397,-0.274,0.58,1.221,0.877,0.89,0.34,3.2369999999999997,0.11560714285714284
52,Poland,17,2018,1.255,1.074,0.686,1.605,2.085,1.129,1.417,9.251,0.3303928571428571
53,Poland,17,2019,1.303,1.074,0.552,1.334,2.085,1.129,1.417,8.894,0.31764285714285717
54,Poland,17,2020,1.599,1.074,0.552,1.334,1.614,1.129,1.417,8.719,0.31139285714285714
55,Poland,17,2021,1.599,1.074,0.424,1.334,1.614,1.22,1.391,8.655999999999999,0.3091428571428571
56,Brazil,19,2018,1.403,1.419,1.307,1.512,2.414,1.89,1.994,11.939,0.42639285714285713
57,Brazil,19,2019,0.97,1.117,0.251,0.591,1.348,1.429,1.464,7.17,0.25607142857142856
58,Brazil,19,2020,1.063,1.117,0.196,0.591,1.348,1.429,1.464,7.208,0.25742857142857145
59,Brazil,19,2021,1.157,0.582,-0.179,0.591,1.348,1.429,1.464,6.3919999999999995,0.22828571428571426
60,United States of America,20,2018,2.392,2.129,2.886,1.971,1.74,1.64,2.078,14.836,0.5298571428571429
61,United States of America,20,2019,2.053,1.763,2.886,1.971,1.435,1.64,2.078,13.826,0.49378571428571433
62,United States of America,20,2020,2.11,1.867,2.886,1.971,1.324,1.863,2.049,14.069999999999999,0.5025
63,United States of America,20,2021,2.359,2.15,2.886,1.971,1.324,1.863,2.049,14.601999999999999,0.5215
64,Portugal,21,2018,3.029,2.885,2.745,2.733,2.688,2.297,2.461,18.837999999999997,0.6727857142857142
65,Portugal,21,2019,3.029,2.885,2.745,2.733,2.688,2.297,2.461,18.837999999999997,0.6727857142857142
66,Portugal,21,2020,3.029,2.885,2.431,1.857,1.839,2.297,2.461,16.799,0.5999642857142857
67,Portugal,21,2021,3.029,1.802,2.431,2.451,1.273,2.297,1.521,14.803999999999998,0.5287142857142857
68,El Salvador,22,2018,0.988,0.71,1.413,2.253,1.598,1.214,0.796,8.972,0.3204285714285714
69,El Salvador,22,2019,1.731,1.379,0.902,2.253,0.96,1.469,0.9,9.594000000000001,0.3426428571428572
70,El Salvador,22,2020,0.681,0.368,0.56,2.253,0.299,-0.142,-0.339,3.68,0.13142857142857142
71,El Salvador,22,2021,0.204,-0.171,0.231,2.253,0.843,-0.142,-0.339,2.8790000000000004,0.10282142857142859
72,Bangladesh,24,2018,-0.798,-0.79,-0.378,1.232,-0.354,1.565,1.104,1.581,0.05646428571428571
73,Bangladesh,24,2019,-0.798,-0.79,-0.638,1.01,-0.537,1.421,1.049,0.7169999999999999,0.025607142857142853
74,Bangladesh,24,2020,-0.798,-0.79,-0.638,1.01,-0.537,1.421,1.049,0.7169999999999999,0.025607142857142853
75,Bangladesh,24,2021,-0.798,-0.79,-0.638,1.285,-0.537,1.421,1.049,0.9919999999999998,0.03542857142857142
76,Bolivia,25,2018,1.525,0.671,1.845,2.308,0.896,1.862,1.596,10.703,0.38225
77,Bolivia,25,2019,0.719,0.363,1.695,1.529,0.854,0.847,1.528,7.535,0.2691071428571429
78,Bolivia,25,2020,0.777,0.5,0.917,1.529,0.292,0.677,0.847,5.539,0.19782142857142856
79,Bolivia,25,2021,1.397,0.905,2.53,2.221,1.184,2.056,1.976,12.268999999999998,0.43817857142857136
80,Haiti,26,2018,0.956,1.441,1.283,1.458,0.905,0.845,0.982,7.87,0.2810714285714286
81,Haiti,26,2019,1.093,1.273,1.439,1.641,0.905,1.057,1.601,9.009,0.32175000000000004
82,Haiti,26,2020,1.093,1.273,1.137,1.641,0.905,1.057,1.601,8.707,0.31096428571428575
83,Haiti,26,2021,1.093,1.273,1.137,1.641,0.689,1.204,1.242,8.279,0.2956785714285714
84,Honduras,27,2018,1.479,1.434,1.385,1.734,1.269,1.742,1.227,10.27,0.36678571428571427
85,Honduras,27,2019,1.479,1.434,1.059,1.734,1.269,1.742,1.227,9.944,0.35514285714285715
86,Honduras,27,2020,1.479,1.434,1.341,1.734,1.269,1.742,1.227,10.226,0.36521428571428577
87,Honduras,27,2021,1.721,1.669,1.341,1.734,1.46,1.742,1.227,10.894,0.38907142857142857
88,Mali,28,2018,0.699,0.683,1.119,0.415,1.401,1.104,0.78,6.2010000000000005,0.22146428571428572
89,Mali,28,2019,1.886,1.836,1.849,0.415,1.444,1.317,0.493,9.24,0.33
90,Mali,28,2020,1.886,1.412,1.849,0.415,1.444,1.317,0.493,8.816,0.3148571428571429
91,Mali,28,2021,1.886,1.412,1.849,0.415,1.062,1.317,1.11,9.051,0.32325
92,Pakistan,29,2018,0.369,0.542,-0.993,-1.28,0.71,0.425,-0.691,-0.9180000000000001,-0.03278571428571429
93,Pakistan,29,2019,0.562,0.542,-0.854,-1.183,0.71,0.425,-0.826,-0.6239999999999999,-0.02228571428571428
94,Pakistan,29,2020,0.096,0.542,-0.801,-1.459,-0.036,0.177,-0.826,-2.307,-0.08239285714285714
95,Pakistan,29,2021,0.441,0.542,-0.536,-1.459,-0.036,0.177,-0.826,-1.697,-0.06060714285714286
96,Peru,30,2018,2.457,1.851,2.136,2.21,1.884,1.535,1.475,13.548,0.4838571428571429
97,Peru,30,2019,2.457,1.851,2.136,2.21,1.884,1.535,1.475,13.548,0.4838571428571429
98,Peru,30,2020,2.457,1.851,2.04,2.21,1.884,0.524,0.695,11.661000000000001,0.4164642857142858
99,Peru,30,2021,2.457,1.616,1.337,2.21,1.884,0.524,0.695,10.722999999999999,0.3829642857142857
100,Senegal,31,2018,1.607,1.736,2.129,1.164,1.636,2.051,1.799,12.121999999999998,0.4329285714285714
101,Senegal,31,2019,1.721,1.728,2.655,0.942,1.636,1.738,1.393,11.812999999999999,0.4218928571428571
102,Senegal,31,2020,1.721,1.728,2.655,1.417,1.636,1.919,1.478,12.553999999999998,0.4483571428571428
103,Senegal,31,2021,2.068,1.728,2.655,1.417,1.923,1.97,1.478,13.239,0.4728214285714286
104,South Sudan,32,2018,-1.971,-1.341,-1.575,0.027,-1.394,-2.102,-1.457,-9.813,-0.35046428571428573
105,South Sudan,32,2019,-1.971,-0.712,-1.575,0.091,-0.712,-1.801,-1.161,-7.840999999999999,-0.2800357142857143
106,South Sudan,32,2020,-1.971,-0.92,-1.575,0.365,-1.01,-1.929,-0.957,-7.997,-0.28560714285714284
107,South Sudan,32,2021,-0.654,-1.779,-1.933,0.166,0.234,-1.305,-0.636,-5.906999999999999,-0.2109642857142857
108,Sudan,33,2018,-1.393,-1.281,-1.482,-1.601,-1.367,-1.084,-1.315,-9.523,-0.34010714285714283
109,Sudan,33,2019,-0.33,-0.08,-0.716,-0.802,-0.282,-0.352,-0.741,-3.303,-0.11796428571428572
110,Sudan,33,2020,-0.229,0.164,-0.6,-0.802,-0.471,-0.514,-0.937,-3.3890000000000002,-0.12103571428571429
111,Sudan,33,2021,-0.453,-0.866,-1.332,-0.802,-1.296,-1.041,-0.937,-6.726999999999999,-0.24025
112,Vietnam,34,2018,-0.258,-0.62,-0.864,-0.727,0.212,1.153,0.977,-0.12699999999999967,-0.004535714285714274
113,Vietnam,34,2019,-0.258,-0.62,-0.864,-0.852,0.092,1.153,0.977,-0.3719999999999998,-0.013285714285714277
114,Vietnam,34,2020,-0.253,-0.407,-0.864,-0.852,0.082,0.992,0.853,-0.44900000000000007,-0.01603571428571429
115,Vietnam,34,2021,-0.407,-0.543,-1.026,-1.397,0.082,0.703,0.617,-1.9710000000000005,-0.07039285714285716
116,Afghanistan,36,2018,0.394,0.889,0.609,-0.734,1.107,-0.239,-0.72,1.3059999999999998,0.04664285714285714
117,Afghanistan,36,2019,0.488,0.577,0.609,-0.734,0.922,-0.239,-1.198,0.42500000000000027,0.015178571428571439
118,Afghanistan,36,2020,0.488,0.688,0.609,-0.734,0.922,-0.239,-1.198,0.536,0.019142857142857145
119,Afghanistan,36,2021,-1.128,-1.198,-0.841,-1.842,0.256,0.002,-2.779,-7.53,-0.26892857142857146
120,Argentina,37,2018,2.925,2.406,2.357,2.406,2.074,2.687,1.655,16.509999999999998,0.589642857142857
121,Argentina,37,2019,2.442,2.325,2.357,2.406,1.107,2.687,1.655,14.979,0.5349642857142857
122,Argentina,37,2020,2.442,2.325,2.375,2.406,1.333,1.463,0.928,13.272000000000002,0.4740000000000001
123,Argentina,37,2021,2.442,2.325,2.375,2.406,1.333,1.099,0.611,12.591000000000001,0.4496785714285715
124,Ethiopia,38,2018,0.246,-0.135,0.652,0.739,-0.401,0.496,0.216,1.813,0.06475
125,Ethiopia,38,2019,0.467,-0.178,0.356,0.463,-0.029,0.496,0.216,1.7910000000000001,0.06396428571428572
126,Ethiopia,38,2020,0.29,-0.178,0.17,0.463,-0.012,0.036,0.148,0.9170000000000001,0.03275000000000001
127,Ethiopia,38,2021,0.29,0.501,0.17,0.463,-0.517,-0.051,-0.004,0.8519999999999999,0.030428571428571423
128,India,39,2018,0.864,0.76,0.292,-0.026,1.403,1.688,0.914,5.895,0.21053571428571427
129,India,39,2019,0.848,0.548,0.023,-0.241,1.208,0.554,0.707,3.6470000000000002,0.13025
130,India,39,2020,0.848,0.548,-0.069,-0.271,1.208,0.554,0.649,3.4670000000000005,0.1238214285714286
131,India,39,2021,1.383,0.964,0.049,-0.175,1.226,1.176,0.866,5.489,0.19603571428571429
132,Kenya,40,2018,1.337,1.097,1.064,1.511,0.522,0.653,0.897,7.081000000000001,0.2528928571428572
133,Kenya,40,2019,1.337,1.0,1.064,1.511,0.522,0.653,0.897,6.984,0.24942857142857142
134,Kenya,40,2020,1.665,1.082,2.051,1.997,0.39,0.968,0.957,9.11,0.32535714285714284
135,Kenya,40,2021,1.804,1.177,1.361,1.997,0.39,0.968,1.274,8.971,0.32039285714285715
136,North Korea,41,2018,-3.242,-2.77,-3.202,-2.283,-3.585,-4.249,-3.478,-22.809,-0.8146071428571429
137,North Korea,41,2019,-3.242,-2.77,-3.202,-2.283,-3.585,-4.249,-3.478,-22.809,-0.8146071428571429
138,North Korea,41,2020,-3.242,-2.77,-3.202,-3.232,-3.585,-4.249,-3.478,-23.758000000000003,-0.8485000000000001
139,North Korea,41,2021,-3.242,-2.77,-3.202,-3.232,-3.585,-4.249,-3.478,-23.758000000000003,-0.8485000000000001
140,South Korea,42,2018,2.79,2.439,1.421,2.635,1.372,1.954,2.555,15.166,0.5416428571428572
141,South Korea,42,2019,1.99,1.794,1.421,2.635,1.372,1.954,2.555,13.721,0.4900357142857143
142,South Korea,42,2020,1.99,1.794,1.421,2.635,1.079,1.954,2.555,13.428,0.4795714285714286
143,South Korea,42,2021,2.595,2.637,1.421,2.635,1.079,1.954,2.555,14.876000000000001,0.5312857142857144
144,Kosovo,43,2018,2.431,1.551,1.545,1.342,1.138,0.291,0.773,9.071,0.3239642857142857
145,Kosovo,43,2019,1.567,1.551,1.545,1.342,1.138,0.291,0.773,8.207,0.2931071428571429
146,Kosovo,43,2020,1.567,1.551,1.72,2.077,0.998,0.291,0.773,8.977,0.32060714285714287
147,Kosovo,43,2021,1.567,1.551,1.72,2.077,1.06,0.291,0.773,9.039,0.32282142857142854
148,Lebanon,44,2018,0.961,0.648,0.494,1.044,1.833,0.749,-0.004,5.725,0.2044642857142857
149,Lebanon,44,2019,1.082,0.655,0.515,1.044,1.403,1.216,-0.004,5.9110000000000005,0.21110714285714288
150,Lebanon,44,2020,1.673,0.825,0.462,1.214,1.534,0.704,-0.004,6.408,0.22885714285714287
151,Lebanon,44,2021,1.007,0.846,0.437,1.191,1.534,0.39,-0.364,5.0409999999999995,0.18003571428571427
152,Nigeria,45,2018,1.718,1.202,2.647,1.166,1.447,1.43,1.253,10.863,0.3879642857142857
153,Nigeria,45,2019,1.645,1.202,2.518,1.166,1.327,1.43,1.253,10.541,0.37646428571428575
154,Nigeria,45,2020,2.05,1.591,2.316,1.166,1.327,1.637,1.111,11.198,0.39992857142857147
155,Nigeria,45,2021,1.143,1.355,1.66,0.779,1.241,1.067,1.703,8.948,0.31957142857142856
156,Philippines,46,2018,0.85,0.325,0.422,0.735,0.263,1.395,1.427,5.417,0.1934642857142857
157,Philippines,46,2019,0.203,-0.225,0.689,0.735,0.263,1.395,1.427,4.487,0.16025
158,Philippines,46,2020,0.203,-0.225,-0.066,0.735,0.263,1.395,1.427,3.732,0.13328571428571429
159,Philippines,46,2021,0.203,-0.225,-0.066,0.735,0.263,0.958,1.024,2.892,0.10328571428571429
160,Tanzania,47,2018,0.754,0.753,0.568,0.533,0.472,1.047,1.365,5.492,0.19614285714285715
161,Tanzania,47,2019,0.511,0.452,0.564,0.533,0.142,1.047,1.365,4.614,0.16478571428571429
162,Tanzania,47,2020,0.511,0.452,0.564,0.533,0.142,0.649,0.906,3.757,0.13417857142857142
163,Tanzania,47,2021,0.649,0.604,0.827,0.788,0.459,0.966,1.477,5.7700000000000005,0.2060714285714286
164,Taiwan,48,2018,2.348,2.55,2.388,2.595,2.119,2.256,2.274,16.53,0.5903571428571429
165,Taiwan,48,2019,2.348,2.55,2.886,2.595,1.762,2.256,2.274,16.671,0.5953928571428572
166,Taiwan,48,2020,2.348,2.55,2.383,2.595,0.91,2.256,2.274,15.315999999999999,0.5469999999999999
167,Taiwan,48,2021,2.348,2.55,2.383,2.595,0.91,2.256,2.274,15.315999999999999,0.5469999999999999
168,Thailand,49,2018,-0.647,-0.603,-1.324,1.213,0.739,0.698,0.883,0.9590000000000002,0.03425000000000001
169,Thailand,49,2019,-0.647,-0.603,-0.834,1.213,1.117,0.698,0.883,1.827,0.06525
170,Thailand,49,2020,-1.356,-1.38,-0.834,1.213,-0.179,-0.165,0.023,-2.6779999999999995,-0.09564285714285713
171,Thailand,49,2021,-1.356,-1.38,-0.834,1.532,-0.179,-0.165,0.023,-2.3589999999999995,-0.08424999999999998
172,Uganda,50,2018,0.133,0.019,0.504,1.093,0.398,0.682,0.877,3.7060000000000004,0.13235714285714287
173,Uganda,50,2019,-0.115,-0.187,0.504,0.756,0.398,0.682,0.339,2.377,0.08489285714285713
174,Uganda,50,2020,0.114,0.016,0.34,0.719,0.398,0.02,0.339,1.9460000000000002,0.0695
175,Uganda,50,2021,0.028,0.074,-0.196,0.29,0.422,-0.151,-0.375,0.09199999999999986,0.0032857142857142807
176,Venezuela,51,2018,-0.687,-0.874,-0.513,0.477,-1.175,0.472,0.695,-1.6050000000000004,-0.057321428571428586
177,Venezuela,51,2019,-1.175,-1.21,-0.833,0.477,-1.248,0.472,0.756,-2.761,-0.09860714285714287
178,Venezuela,51,2020,-1.038,-0.796,-0.744,0.519,-1.167,0.472,0.756,-1.998,-0.07135714285714286
179,Venezuela,51,2021,-1.038,-0.966,-0.83,0.519,-0.66,1.325,1.769,0.11899999999999977,0.004249999999999992
180,Benin,52,2018,1.802,2.397,1.901,2.455,1.709,2.187,2.327,14.777999999999999,0.5277857142857142
181,Benin,52,2019,0.658,0.865,1.397,2.455,1.709,2.187,2.327,11.597999999999999,0.4142142857142857
182,Benin,52,2020,0.51,0.947,1.397,2.455,1.709,2.187,2.327,11.532,0.41185714285714287
183,Benin,52,2021,0.51,0.947,1.397,2.455,1.709,2.187,2.327,11.532,0.41185714285714287
184,Bhutan,53,2018,0.611,0.59,0.106,-0.512,-0.034,1.042,1.066,2.869,0.10246428571428572
185,Bhutan,53,2019,0.611,0.59,0.259,-0.512,-0.034,1.042,1.066,3.0220000000000002,0.10792857142857144
186,Bhutan,53,2020,0.754,0.59,0.379,-0.512,-0.034,1.042,1.066,3.285,0.11732142857142858
187,Bhutan,53,2021,1.185,0.817,0.262,-0.783,-0.034,0.561,0.755,2.763,0.09867857142857142
188,Burkina Faso,54,2018,1.595,2.197,2.033,1.191,0.867,0.929,0.611,9.423,0.33653571428571427
189,Burkina Faso,54,2019,0.89,0.876,2.033,1.146,0.575,0.636,0.792,6.948,0.24814285714285716
190,Burkina Faso,54,2020,0.695,1.017,2.033,1.146,0.575,0.636,0.792,6.894,0.24621428571428572
191,Burkina Faso,54,2021,0.695,0.887,2.033,1.146,0.575,1.335,0.792,7.462999999999999,0.26653571428571426
192,Cambodia,55,2018,-0.601,-0.504,-0.954,0.419,-0.417,0.832,0.751,-0.4740000000000001,-0.01692857142857143
193,Cambodia,55,2019,-0.616,-0.553,-0.954,0.26,-0.281,0.832,0.751,-0.5610000000000003,-0.020035714285714296
194,Cambodia,55,2020,-0.536,-0.605,-0.954,0.26,-0.405,0.259,0.113,-1.8679999999999999,-0.06671428571428571
195,Cambodia,55,2021,-0.9,-0.931,-0.954,0.922,-0.376,0.259,0.113,-1.867,-0.06667857142857143
196,Indonesia,56,2018,1.381,1.145,1.231,0.067,1.004,1.184,0.865,6.877,0.24560714285714286
197,Indonesia,56,2019,1.381,0.87,1.231,0.067,1.004,1.184,0.865,6.602000000000001,0.23578571428571432
198,Indonesia,56,2020,0.537,0.351,1.231,-0.069,1.4,1.184,0.865,5.4990000000000006,0.19639285714285717
199,Indonesia,56,2021,0.537,0.351,1.231,-0.069,0.863,1.184,0.865,4.962000000000001,0.17721428571428574
200,Mozambique,57,2018,0.327,0.079,0.189,1.753,1.132,0.769,0.559,4.808,0.1717142857142857
201,Mozambique,57,2019,0.327,0.273,0.003,1.753,1.132,1.006,0.559,5.053,0.18046428571428572
202,Mozambique,57,2020,0.581,0.493,0.338,1.367,1.132,1.006,0.559,5.476,0.19557142857142856
203,Mozambique,57,2021,0.581,0.28,0.01,1.367,1.132,0.752,0.298,4.42,0.15785714285714286
204,Nepal,58,2018,1.523,1.303,1.471,0.927,1.111,1.73,0.183,8.248,0.29457142857142854
205,Nepal,58,2019,1.38,1.086,1.06,0.718,0.84,1.73,-0.016,6.798,0.2427857142857143
206,Nepal,58,2020,1.509,1.215,1.284,0.718,0.984,2.077,0.149,7.936,0.2834285714285714
207,Nepal,58,2021,1.298,1.339,0.951,0.469,0.984,1.511,0.149,6.7010000000000005,0.2393214285714286
208,Nicaragua,59,2018,-1.8,-1.311,-2.337,0.753,-0.538,-0.911,0.252,-5.892,-0.21042857142857144
209,Nicaragua,59,2019,-2.0,-1.01,-2.337,0.597,-1.17,-0.542,0.456,-6.005999999999999,-0.21449999999999997
210,Nicaragua,59,2020,-2.044,-1.273,-2.088,0.597,-0.884,-0.623,0.359,-5.956,-0.21271428571428572
211,Nicaragua,59,2021,-2.37,-1.678,-2.088,0.514,-1.502,-0.763,0.22,-7.667,-0.27382142857142855
212,Niger,60,2018,2.038,1.413,2.003,1.116,0.118,1.504,1.386,9.578,0.3420714285714285
213,Niger,60,2019,1.673,1.587,1.803,0.958,1.755,1.504,1.325,10.604999999999999,0.37875
214,Niger,60,2020,1.142,1.615,1.803,0.958,1.03,1.504,1.144,9.196,0.3284285714285714
215,Niger,60,2021,1.305,1.615,1.803,0.958,1.104,1.356,1.154,9.295,0.3319642857142857
216,Zambia,61,2018,0.707,0.559,0.554,2.136,1.263,0.876,1.016,7.111000000000001,0.25396428571428575
217,Zambia,61,2019,1.358,1.355,1.306,1.507,1.732,1.549,1.308,10.115,0.36125
218,Zambia,61,2020,0.495,0.499,0.465,0.711,1.732,1.549,1.659,7.11,0.25392857142857145
219,Zambia,61,2021,1.202,0.499,1.304,1.503,1.732,0.872,1.321,8.433,0.3011785714285714
220,Zimbabwe,62,2018,-0.676,-0.865,-0.486,1.687,1.072,0.858,1.025,2.6149999999999998,0.09339285714285714
221,Zimbabwe,62,2019,-0.814,-0.865,-0.655,1.687,1.072,0.858,1.025,2.3080000000000003,0.08242857142857143
222,Zimbabwe,62,2020,-0.923,-0.962,-1.094,1.687,0.981,0.633,1.025,1.347,0.048107142857142855
223,Zimbabwe,62,2021,-0.758,-0.796,-0.854,1.326,0.656,0.23,0.602,0.40600000000000014,0.014500000000000004
224,Guinea,63,2018,-0.658,-0.164,-0.447,1.946,1.196,1.768,0.154,3.795,0.1355357142857143
225,Guinea,63,2019,-0.838,-0.337,-0.848,1.146,0.88,0.956,-0.127,0.8319999999999997,0.029714285714285704
226,Guinea,63,2020,-1.283,-0.646,-0.848,1.146,-0.324,0.368,-0.127,-1.7139999999999997,-0.06121428571428571
227,Guinea,63,2021,-1.283,-0.646,-0.848,1.146,-0.324,0.368,-1.298,-2.885,-0.10303571428571427
228,Ivory Coast,64,2018,1.307,1.548,1.129,1.681,1.106,0.615,0.921,8.307,0.29667857142857146
229,Ivory Coast,64,2019,1.171,1.246,1.129,1.681,1.106,0.615,0.921,7.869000000000001,0.28103571428571433
230,Ivory Coast,64,2020,0.449,0.424,1.443,1.681,0.86,0.615,1.084,6.556000000000001,0.23414285714285718
231,Ivory Coast,64,2021,0.651,0.424,1.443,1.681,0.86,0.615,1.084,6.758000000000001,0.24135714285714288
232,Mauritania,65,2018,1.083,0.715,0.31,-2.038,0.178,0.824,0.402,1.4740000000000002,0.05264285714285715
233,Mauritania,65,2019,1.302,1.028,1.054,-1.107,0.641,0.995,0.562,4.4750000000000005,0.1598214285714286
234,Mauritania,65,2020,1.302,1.028,0.284,-1.107,0.939,0.995,0.713,4.154,0.14835714285714285
235,Mauritania,65,2021,0.985,0.567,0.284,-2.406,0.502,0.995,0.713,1.64,0.058571428571428566
236,Canada,66,2018,2.17,2.342,2.294,2.058,2.393,1.316,1.543,14.116000000000001,0.5041428571428572
237,Canada,66,2019,2.534,2.609,2.714,2.058,2.393,1.122,1.539,14.969,0.5346071428571428
238,Canada,66,2020,2.534,2.139,2.714,2.058,2.393,1.719,1.539,15.096,0.5391428571428571
239,Canada,66,2021,2.534,2.449,2.714,2.058,2.393,1.719,1.811,15.677999999999999,0.5599285714285714
240,Australia,67,2018,2.42,2.823,1.459,2.276,2.003,1.498,1.815,14.293999999999999,0.5105
241,Australia,67,2019,2.42,2.823,1.37,2.276,2.103,1.498,1.815,14.304999999999998,0.510892857142857
242,Australia,67,2020,2.42,2.823,2.248,2.276,1.801,1.432,1.6,14.6,0.5214285714285715
243,Australia,67,2021,2.42,2.823,2.248,2.276,1.02,1.432,1.6,13.818999999999999,0.49353571428571424
244,Botswana,68,2018,1.999,1.57,1.31,1.972,2.499,1.436,1.659,12.445,0.4444642857142857
245,Botswana,68,2019,1.513,1.57,1.31,1.356,2.499,1.436,1.659,11.343000000000002,0.40510714285714294
246,Botswana,68,2020,2.047,1.314,1.31,1.356,2.082,1.436,1.659,11.204,0.4001428571428572
247,Botswana,68,2021,2.047,1.314,1.934,1.784,2.082,1.436,1.659,12.256,0.4377142857142857
248,Burundi,69,2018,-2.58,-1.776,-1.455,1.483,-1.126,-1.242,-0.289,-6.9849999999999985,-0.24946428571428567
249,Burundi,69,2019,-1.814,-1.463,-1.503,1.483,-1.479,-0.542,-0.11,-5.428,-0.19385714285714287
250,Burundi,69,2020,-1.296,-0.634,-1.503,1.483,-1.016,-0.935,-0.11,-4.011,-0.14325000000000002
251,Burundi,69,2021,-1.694,-1.516,-1.409,1.013,-1.579,-0.313,-0.11,-5.608,-0.20028571428571426
252,Cape Verde,70,2018,2.523,1.59,1.399,2.408,2.474,1.933,1.801,14.128,0.5045714285714286
253,Cape Verde,70,2019,2.523,1.59,1.508,2.408,2.474,1.933,1.775,14.211,0.5075357142857143
254,Cape Verde,70,2020,2.523,1.59,1.597,2.408,2.474,1.933,1.775,14.3,0.5107142857142858
255,Cape Verde,70,2021,2.523,1.59,1.597,2.408,2.474,1.933,1.775,14.3,0.5107142857142858
256,Central African Republic,71,2018,1.136,0.255,1.188,1.134,0.088,-0.454,-0.157,3.1899999999999995,0.1139285714285714
257,Central African Republic,71,2019,0.189,0.255,1.188,1.553,-0.064,-0.454,-0.157,2.5099999999999993,0.08964285714285712
258,Central African Republic,71,2020,1.112,0.407,1.188,1.124,0.227,-0.554,-0.025,3.4789999999999996,0.12424999999999999
259,Central African Republic,71,2021,0.745,0.203,2.342,1.688,-0.303,-0.036,-0.025,4.614,0.16478571428571429
260,Chile,72,2018,1.892,2.677,2.972,2.166,2.673,2.567,2.558,17.505000000000003,0.6251785714285715
261,Chile,72,2019,1.892,1.892,2.237,2.166,2.673,2.567,2.558,15.985,0.5708928571428571
262,Chile,72,2020,2.844,2.803,2.237,2.133,1.435,1.529,1.165,14.146,0.5052142857142857
263,Chile,72,2021,2.844,2.803,2.237,2.133,1.435,1.529,1.165,14.146,0.5052142857142857
264,Costa Rica,73,2018,2.648,2.53,2.959,2.102,2.234,1.361,2.228,16.062,0.5736428571428572
265,Costa Rica,73,2019,2.648,2.53,2.959,1.742,2.234,1.361,2.228,15.702000000000002,0.5607857142857143
266,Costa Rica,73,2020,2.648,2.53,2.959,1.964,2.234,1.361,2.228,15.924000000000001,0.5687142857142857
267,Costa Rica,73,2021,2.648,2.53,2.959,1.964,2.234,1.361,2.228,15.924000000000001,0.5687142857142857
268,Timor-Leste,74,2018,2.11,1.602,1.654,1.228,1.527,0.992,1.332,10.445,0.3730357142857143
269,Timor-Leste,74,2019,2.11,1.975,1.788,1.228,1.527,0.992,1.332,10.952000000000002,0.3911428571428572
270,Timor-Leste,74,2020,1.812,1.599,1.788,1.228,0.396,0.137,0.345,7.304999999999999,0.2608928571428571
271,Timor-Leste,74,2021,1.812,1.599,1.788,1.228,0.396,0.355,0.616,7.793999999999999,0.2783571428571428
272,Ecuador,75,2018,2.452,2.668,1.265,2.076,1.987,1.215,1.945,13.608,0.48600000000000004
273,Ecuador,75,2019,2.452,2.668,1.265,1.396,1.987,1.215,1.945,12.928,0.46171428571428574
274,Ecuador,75,2020,2.452,2.668,1.265,1.989,1.987,1.215,1.945,13.521,0.4828928571428572
275,Ecuador,75,2021,2.452,2.684,1.217,1.989,2.009,1.215,1.945,13.511000000000001,0.48253571428571435
276,France,76,2018,2.53,2.504,3.167,1.531,2.386,2.153,2.398,16.669000000000004,0.5953214285714287
277,France,76,2019,2.53,2.504,3.167,1.531,2.386,2.153,2.398,16.669000000000004,0.5953214285714287
278,France,76,2020,2.53,2.504,3.167,1.531,2.386,1.298,1.603,15.019000000000002,0.5363928571428572
279,France,76,2021,2.53,2.504,3.167,1.531,2.386,1.298,1.603,15.019000000000002,0.5363928571428572
280,Germany,77,2018,2.94,2.69,2.559,1.988,2.739,2.202,2.37,17.488,0.6245714285714286
281,Germany,77,2019,2.94,2.69,2.559,1.988,2.739,2.202,2.37,17.488,0.6245714285714286
282,Germany,77,2020,2.94,2.69,2.035,1.988,2.739,2.202,2.37,16.964,0.6058571428571428
283,Germany,77,2021,2.94,2.69,2.035,1.988,2.739,2.202,2.37,16.964,0.6058571428571428
284,Guatemala,78,2018,1.023,0.727,1.482,1.546,1.605,1.466,0.689,8.538,0.30492857142857144
285,Guatemala,78,2019,1.023,0.727,0.945,1.546,1.605,1.466,0.689,8.001,0.28575
286,Guatemala,78,2020,1.023,0.727,1.481,1.546,0.795,1.384,0.562,7.518,0.2685
287,Guatemala,78,2021,1.023,0.856,1.481,1.546,1.531,1.384,0.77,8.591,0.3068214285714285
288,Iran,79,2018,-0.065,-0.555,-0.819,-1.707,-0.673,0.937,-0.769,-3.651,-0.13039285714285714
289,Iran,79,2019,-0.065,-0.555,-0.926,-1.707,-0.673,0.937,-0.769,-3.758,-0.1342142857142857
290,Iran,79,2020,-0.065,-0.555,-0.926,-1.707,-0.673,0.937,-0.676,-3.665,-0.13089285714285714
291,Iran,79,2021,-0.065,-0.555,-0.928,-1.707,-0.673,0.937,-0.866,-3.8569999999999998,-0.13774999999999998
292,Iraq,80,2018,-0.343,-0.819,0.106,-0.481,0.733,0.812,-0.647,-0.6389999999999999,-0.02282142857142857
293,Iraq,80,2019,-0.343,-0.819,-0.146,-0.738,0.733,0.812,-0.647,-1.1479999999999997,-0.04099999999999999
294,Iraq,80,2020,-0.51,-0.939,-0.44,-0.945,0.775,0.174,-0.776,-2.6609999999999996,-0.09503571428571427
295,Iraq,80,2021,-0.51,-0.939,0.119,-0.945,0.775,0.174,-0.776,-2.1020000000000003,-0.07507142857142858
296,Ireland,81,2018,2.916,2.862,2.739,1.406,1.817,1.959,2.118,15.817,0.5648928571428572
297,Ireland,81,2019,2.916,2.862,2.739,1.406,2.245,1.959,2.118,16.244999999999997,0.5801785714285713
298,Ireland,81,2020,2.916,2.862,2.739,2.168,2.245,1.959,2.118,17.006999999999998,0.6073928571428571
299,Ireland,81,2021,2.916,2.862,2.739,2.168,2.245,1.959,1.25,16.139,0.5763928571428572
300,Italy,82,2018,2.673,3.235,2.581,2.164,2.699,1.668,2.599,17.619,0.62925
301,Italy,82,2019,2.673,3.235,2.05,2.164,2.699,2.258,2.599,17.678,0.6313571428571428
302,Italy,82,2020,2.673,2.719,1.933,2.164,1.623,1.269,1.3,13.681,0.48860714285714285
303,Italy,82,2021,2.673,2.796,1.933,2.164,1.563,1.103,1.3,13.532,0.48328571428571426
304,Jordan,83,2018,0.633,0.865,0.854,-0.119,0.97,1.006,-0.515,3.6939999999999995,0.13192857142857142
305,Jordan,83,2019,0.633,0.865,0.658,-0.119,0.97,1.294,-0.206,4.095,0.14625
306,Jordan,83,2020,0.581,0.865,0.353,-0.504,0.656,1.294,-0.206,3.039,0.10853571428571429
307,Jordan,83,2021,0.581,0.865,0.313,-0.504,0.967,1.521,-0.206,3.537,0.12632142857142856
308,Latvia,84,2018,2.839,2.77,2.437,2.187,2.086,1.916,2.435,16.669999999999998,0.5953571428571428
309,Latvia,84,2019,2.839,2.77,2.685,2.187,2.03,1.916,2.435,16.862,0.6022142857142857
310,Latvia,84,2020,2.839,2.77,2.685,2.187,2.03,1.916,2.435,16.862,0.6022142857142857
311,Latvia,84,2021,2.839,2.77,2.685,2.187,2.03,1.916,2.435,16.862,0.6022142857142857
312,Lesotho,85,2018,0.857,0.781,1.106,2.005,1.544,1.506,1.065,8.863999999999999,0.31657142857142856
313,Lesotho,85,2019,1.134,1.027,1.274,2.366,1.717,1.506,0.796,9.82,0.3507142857142857
314,Lesotho,85,2020,1.579,1.515,1.511,2.248,1.551,1.506,1.526,11.436,0.4084285714285714
315,Lesotho,85,2021,1.579,1.406,1.778,1.709,1.157,0.943,0.934,9.505999999999998,0.33949999999999997
316,Liberia,86,2018,1.376,1.448,1.481,1.02,2.443,1.798,1.378,10.943999999999999,0.39085714285714285
317,Liberia,86,2019,1.376,1.448,2.303,1.02,2.443,1.798,1.378,11.766,0.4202142857142857
318,Liberia,86,2020,2.206,2.261,2.303,1.02,2.443,1.798,1.378,13.409,0.4788928571428572
319,Liberia,86,2021,2.206,2.261,2.303,1.02,2.443,1.798,1.378,13.409,0.4788928571428572
320,Malawi,87,2018,1.551,1.117,1.341,1.582,1.978,1.153,1.294,10.016,0.3577142857142857
321,Malawi,87,2019,1.794,2.358,1.081,1.582,2.003,1.758,1.287,11.863,0.4236785714285714
322,Malawi,87,2020,1.794,1.266,1.413,1.706,2.069,1.859,1.404,11.511000000000001,0.4111071428571429
323,Malawi,87,2021,1.794,1.03,1.717,1.706,1.987,1.859,1.404,11.497,0.41060714285714284
324,Maldives,88,2018,0.148,-0.052,-0.872,-2.253,0.604,0.997,0.052,-1.376,-0.04914285714285714
325,Maldives,88,2019,2.035,1.779,1.094,-2.253,0.869,1.436,0.256,5.216,0.1862857142857143
326,Maldives,88,2020,2.035,1.945,1.391,-2.376,0.931,1.436,0.256,5.618,0.20064285714285715
327,Maldives,88,2021,2.035,1.575,1.391,-2.376,0.931,0.784,0.256,4.596000000000001,0.16414285714285717
328,Mongolia,89,2018,2.915,2.768,1.783,2.094,2.319,1.289,1.331,14.498999999999997,0.5178214285714284
329,Mongolia,89,2019,2.915,2.768,1.446,1.638,2.319,1.289,1.331,13.705999999999998,0.48949999999999994
330,Mongolia,89,2020,2.915,2.768,1.446,1.184,1.301,1.289,1.331,12.233999999999998,0.4369285714285714
331,Mongolia,89,2021,2.915,2.768,1.446,1.184,1.301,1.289,1.331,12.233999999999998,0.4369285714285714
332,Morocco,90,2018,1.072,1.017,0.465,-1.16,1.383,1.269,-0.62,3.426,0.12235714285714286
333,Morocco,90,2019,0.012,1.017,0.465,-1.16,1.383,1.269,-0.62,2.3659999999999997,0.08449999999999999
334,Morocco,90,2020,0.012,1.017,0.465,-1.16,1.383,1.269,-0.62,2.3659999999999997,0.08449999999999999
335,Morocco,90,2021,0.012,1.017,0.465,-1.16,1.383,1.269,-0.62,2.3659999999999997,0.08449999999999999
336,Netherlands,91,2018,2.267,2.507,2.337,2.421,1.638,2.076,1.807,15.053,0.5376071428571428
337,Netherlands,91,2019,2.267,1.847,1.798,2.421,1.638,2.076,2.362,14.409,0.5146071428571429
338,Netherlands,91,2020,2.267,2.094,1.798,2.421,1.638,1.195,2.362,13.775,0.49196428571428574
339,Netherlands,91,2021,2.267,1.784,1.798,2.421,1.638,1.195,1.533,12.636,0.45128571428571423
340,Panama,92,2018,1.257,1.588,2.346,2.103,1.384,0.583,1.896,11.157,0.3984642857142857
341,Panama,92,2019,1.326,1.169,2.346,2.103,1.384,0.583,1.896,10.807000000000002,0.3859642857142858
342,Panama,92,2020,1.326,1.169,2.346,2.103,1.384,0.583,1.896,10.807000000000002,0.3859642857142858
343,Panama,92,2021,2.103,1.929,2.608,2.103,1.384,0.583,1.896,12.606000000000002,0.4502142857142858
344,Papua New Guinea,93,2018,1.175,0.704,1.095,1.687,1.319,2.076,1.123,9.179,0.3278214285714286
345,Papua New Guinea,93,2019,1.175,1.328,1.095,1.687,1.319,2.076,1.123,9.802999999999999,0.35010714285714284
346,Papua New Guinea,93,2020,1.661,1.328,1.537,1.687,1.319,2.076,1.123,10.731,0.38325
347,Papua New Guinea,93,2021,1.661,1.328,1.537,1.687,0.759,2.076,0.548,9.596,0.3427142857142857
348,Qatar,94,2018,-1.108,-1.353,-0.408,-1.588,0.82,0.616,-1.748,-4.769000000000001,-0.1703214285714286
349,Qatar,94,2019,-1.334,-1.593,-0.408,-1.294,0.82,0.56,-1.748,-4.997,-0.17846428571428571
350,Qatar,94,2020,-1.23,-1.477,-0.596,-1.597,0.82,0.668,-1.748,-5.16,-0.1842857142857143
351,Qatar,94,2021,-1.714,-1.91,-1.229,-2.051,0.119,-0.087,-2.011,-8.883,-0.31725
352,Sierra Leone,95,2018,1.935,2.253,1.691,2.299,1.312,1.415,1.153,12.058000000000002,0.4306428571428572
353,Sierra Leone,95,2019,1.363,1.346,1.518,1.528,1.279,1.149,0.953,9.136,0.32628571428571423
354,Sierra Leone,95,2020,1.363,1.346,1.518,1.528,1.279,1.86,0.953,9.847,0.3516785714285714
355,Sierra Leone,95,2021,1.363,1.589,1.518,1.528,1.279,1.86,0.953,10.089999999999998,0.36035714285714276
356,Spain,96,2018,1.745,1.943,2.598,1.806,2.774,2.405,2.602,15.873,0.5668928571428571
357,Spain,96,2019,1.745,1.943,2.354,1.806,2.774,2.405,2.602,15.629,0.5581785714285714
358,Spain,96,2020,1.745,1.943,2.354,1.271,1.914,1.618,1.866,12.711,0.4539642857142857
359,Spain,96,2021,1.745,1.943,2.354,1.271,1.914,1.727,1.971,12.925,0.4616071428571429
360,Syria,97,2018,-2.437,-2.392,-2.348,-1.806,-1.319,-1.091,-1.526,-12.918999999999999,-0.4613928571428571
361,Syria,97,2019,-2.437,-2.392,-2.348,-1.434,-1.396,-1.091,-1.526,-12.623999999999997,-0.45085714285714273
362,Syria,97,2020,-2.045,-2.769,-2.348,-1.434,-1.333,-1.219,-1.969,-13.116999999999999,-0.46846428571428567
363,Syria,97,2021,-2.14,-2.399,-2.348,-1.687,-1.425,-1.386,-1.757,-13.142,-0.46935714285714286
364,Tunisia,98,2018,1.167,1.106,0.895,0.345,1.263,1.291,1.209,7.276,0.25985714285714284
365,Tunisia,98,2019,1.167,1.106,0.895,0.345,1.531,1.291,1.209,7.543999999999999,0.2694285714285714
366,Tunisia,98,2020,1.167,1.106,0.895,0.345,1.531,1.291,1.209,7.543999999999999,0.2694285714285714
367,Tunisia,98,2021,0.865,1.036,0.986,0.345,0.887,1.291,1.209,6.619,0.23639285714285713
368,Turkey,99,2018,-1.64,-1.581,-2.191,-0.792,-0.864,0.739,-0.641,-6.97,-0.24892857142857142
369,Turkey,99,2019,-1.502,-1.514,-2.042,-0.792,-1.075,0.697,-0.641,-6.869,-0.24532142857142855
370,Turkey,99,2020,-1.235,-1.396,-2.042,-0.792,-0.942,0.731,-0.641,-6.317,-0.22560714285714287
371,Turkey,99,2021,-1.184,-1.416,-2.042,-0.792,-0.942,0.815,-0.641,-6.202,-0.2215
372,Ukraine,100,2018,1.178,1.104,0.279,0.5,0.947,1.368,1.827,7.203,0.25725000000000003
373,Ukraine,100,2019,1.108,1.148,0.535,0.501,0.947,1.368,1.827,7.434,0.2655
374,Ukraine,100,2020,1.326,1.305,0.635,0.612,1.298,1.368,1.827,8.371,0.29896428571428574
375,Ukraine,100,2021,1.227,1.289,0.891,0.612,1.298,1.255,1.565,8.137,0.2906071428571429
376,United Kingdom,101,2018,2.669,2.705,3.087,1.955,1.72,1.79,1.997,15.923000000000002,0.5686785714285715
377,United Kingdom,101,2019,2.669,2.705,3.087,1.75,1.72,1.79,1.997,15.718,0.5613571428571429
378,United Kingdom,101,2020,2.669,2.705,2.108,2.018,0.666,1.189,1.449,12.804,0.4572857142857143
379,United Kingdom,101,2021,2.669,2.705,1.803,1.421,0.46,1.189,1.449,11.696000000000002,0.41771428571428576
380,Uruguay,102,2018,3.244,2.354,3.606,1.797,2.037,1.809,1.751,16.598,0.5927857142857142
381,Uruguay,102,2019,3.244,2.354,3.606,1.797,2.037,1.809,1.751,16.598,0.5927857142857142
382,Uruguay,102,2020,3.244,2.354,3.606,2.138,1.463,1.809,1.751,16.365,0.5844642857142857
383,Uruguay,102,2021,1.953,1.308,1.801,2.138,2.08,1.809,1.751,12.84,0.4585714285714286
384,Algeria,103,2018,0.882,0.525,0.495,-1.329,0.323,1.589,0.505,2.99,0.10678571428571429
385,Algeria,103,2019,0.792,0.481,0.079,-1.059,0.323,1.589,1.065,3.27,0.11678571428571428
386,Algeria,103,2020,0.514,0.223,0.079,-1.059,0.323,1.589,1.065,2.734,0.09764285714285714
387,Algeria,103,2021,0.45,0.121,0.079,-1.059,-0.018,0.628,0.313,0.514,0.018357142857142857
388,Angola,104,2018,0.322,0.12,-0.112,0.162,0.604,1.116,1.007,3.2190000000000003,0.11496428571428573
389,Angola,104,2019,0.322,0.229,0.066,-0.054,0.604,1.272,1.007,3.4459999999999997,0.12307142857142857
390,Angola,104,2020,0.533,0.405,0.066,0.078,0.604,1.272,1.007,3.965,0.14160714285714285
391,Angola,104,2021,0.519,0.386,-0.084,0.078,0.604,1.272,0.489,3.2640000000000002,0.11657142857142858
392,Armenia,105,2018,2.543,2.426,1.387,0.816,1.859,2.164,2.025,13.219999999999999,0.4721428571428571
393,Armenia,105,2019,2.236,2.104,1.879,0.816,1.859,2.164,2.025,13.082999999999998,0.46724999999999994
394,Armenia,105,2020,2.236,2.104,1.608,0.816,1.859,2.164,2.025,12.812000000000001,0.45757142857142863
395,Armenia,105,2021,2.15,1.739,1.504,0.976,1.975,2.164,2.025,12.533000000000001,0.4476071428571429
396,Azerbaijan,106,2018,-1.004,-0.96,-0.961,-0.805,-0.617,0.87,0.605,-2.8719999999999994,-0.10257142857142855
397,Azerbaijan,106,2019,-0.65,-0.655,-1.274,-0.786,-0.484,0.87,0.754,-2.225,-0.07946428571428572
398,Azerbaijan,106,2020,-0.784,-0.845,-1.274,-0.574,-0.454,0.847,0.887,-2.197,-0.07846428571428572
399,Azerbaijan,106,2021,-0.481,-0.745,-0.83,-0.74,-0.265,0.847,0.547,-1.6670000000000003,-0.059535714285714296
400,Belarus,107,2018,0.789,0.746,-0.467,0.271,1.356,1.911,2.391,6.997,0.24989285714285714
401,Belarus,107,2019,0.789,0.746,-0.559,0.271,1.144,1.911,2.391,6.693,0.23903571428571427
402,Belarus,107,2020,-1.8,-1.848,-1.574,-0.185,-1.78,0.511,0.696,-5.98,-0.21357142857142858
403,Belarus,107,2021,-2.392,-2.37,-3.019,-0.358,-2.123,0.745,0.894,-8.623000000000001,-0.30796428571428575
404,Cameroon,108,2018,0.148,0.261,0.379,1.338,-0.551,0.44,0.833,2.848,0.10171428571428572
405,Cameroon,108,2019,0.239,0.356,0.292,1.508,-0.419,0.86,0.833,3.6689999999999996,0.13103571428571428
406,Cameroon,108,2020,0.352,0.423,0.292,1.508,-0.419,0.86,0.833,3.849,0.13746428571428573
407,Cameroon,108,2021,0.674,0.831,-0.116,1.79,-0.419,0.86,0.833,4.452999999999999,0.15903571428571425
408,Chad,109,2018,-0.29,-0.335,0.779,0.367,-0.462,0.875,0.933,1.867,0.06667857142857143
409,Chad,109,2019,-0.29,0.079,1.632,0.923,-0.462,0.875,0.933,3.6899999999999995,0.13178571428571426
410,Chad,109,2020,-0.29,0.079,1.632,0.923,-0.6,0.02,0.933,2.697,0.09632142857142857
411,Chad,109,2021,-0.448,0.079,1.096,0.923,-0.6,0.02,0.912,1.9820000000000002,0.0707857142857143
412,China,110,2018,-1.194,-1.132,-2.375,-2.663,-0.795,-0.714,-0.541,-9.414,-0.3362142857142857
413,China,110,2019,-1.194,-1.132,-2.709,-2.663,-1.149,-0.872,-0.685,-10.404000000000002,-0.3715714285714286
414,China,110,2020,-1.115,-1.132,-1.926,-2.663,-1.434,-1.049,-0.801,-10.12,-0.3614285714285714
415,China,110,2021,-1.115,-1.132,-2.372,-2.665,-1.415,-1.049,-0.801,-10.549,-0.37675
416,Democratic Republic of the Congo,111,2018,0.119,0.104,0.419,1.065,0.599,0.035,0.292,2.633,0.09403571428571429
417,Democratic Republic of the Congo,111,2019,0.165,0.375,0.66,1.065,0.683,0.121,0.369,3.4380000000000006,0.1227857142857143
418,Democratic Republic of the Congo,111,2020,0.316,0.375,0.856,0.844,0.396,-0.105,0.342,3.024,0.108
419,Democratic Republic of the Congo,111,2021,0.921,1.075,1.326,0.738,0.511,0.471,0.819,5.861000000000001,0.2093214285714286
420,Republic of the Congo,112,2018,-1.515,-1.206,-1.221,0.898,-0.242,-0.468,-0.712,-4.466,-0.1595
421,Republic of the Congo,112,2019,-1.894,-1.206,-1.494,0.898,-0.242,-0.822,-0.712,-5.471999999999999,-0.19542857142857137
422,Republic of the Congo,112,2020,-2.091,-2.422,-0.768,1.34,-0.443,-0.822,-1.278,-6.484,-0.23157142857142857
423,Republic of the Congo,112,2021,-2.091,-2.422,-0.768,1.34,-0.214,-0.672,-1.378,-6.205,-0.22160714285714286
424,Djibouti,113,2018,0.248,-0.172,0.586,-0.036,-0.694,0.605,0.251,0.7879999999999999,0.02814285714285714
425,Djibouti,113,2019,0.406,-0.172,0.586,-0.036,-0.694,0.497,0.187,0.774,0.027642857142857143
426,Djibouti,113,2020,0.465,-0.13,0.229,-0.036,-0.823,0.497,0.187,0.38900000000000007,0.013892857142857146
427,Djibouti,113,2021,0.465,-0.13,0.229,-0.036,-0.823,0.497,0.187,0.38900000000000007,0.013892857142857146
428,Dominican Republic,114,2018,2.301,2.078,0.969,1.853,2.298,1.328,1.445,12.271999999999998,0.4382857142857142
429,Dominican Republic,114,2019,2.301,2.078,0.83,1.853,2.298,1.328,1.445,12.133,0.4333214285714285
430,Dominican Republic,114,2020,2.301,2.586,1.963,1.853,2.298,1.328,1.445,13.774000000000001,0.49192857142857144
431,Dominican Republic,114,2021,2.301,2.586,1.963,1.853,2.298,1.328,1.445,13.774000000000001,0.49192857142857144
432,Eritrea,115,2018,-2.617,-2.146,-2.587,-1.506,-2.465,-3.069,-1.841,-16.231,-0.5796785714285715
433,Eritrea,115,2019,-1.9,-2.146,-2.234,-2.026,-2.465,-3.064,-1.62,-15.454999999999998,-0.5519642857142857
434,Eritrea,115,2020,-1.453,-2.146,-1.908,-2.239,-2.622,-3.353,-1.938,-15.658999999999999,-0.5592499999999999
435,Eritrea,115,2021,-1.453,-1.631,-2.338,-2.239,-2.622,-2.926,-2.321,-15.530000000000001,-0.5546428571428572
436,Gabon,116,2018,2.443,2.091,2.16,1.643,1.802,1.471,1.667,13.277000000000001,0.47417857142857145
437,Gabon,116,2019,2.231,2.091,2.267,1.643,1.802,1.284,1.667,12.985000000000001,0.46375000000000005
438,Gabon,116,2020,1.494,1.17,1.39,0.924,1.251,1.001,1.072,8.302,0.2965
439,Gabon,116,2021,1.494,1.17,1.39,0.924,1.251,1.001,1.072,8.302,0.2965
440,The Gambia,117,2018,1.214,1.198,1.158,1.745,1.369,2.167,1.897,10.748,0.38385714285714284
441,The Gambia,117,2019,1.214,1.198,1.276,1.745,1.369,2.167,1.432,10.401,0.3714642857142857
442,The Gambia,117,2020,1.214,1.198,1.276,1.745,1.369,2.167,1.548,10.517,0.37560714285714286
443,The Gambia,117,2021,1.214,1.198,1.276,1.139,2.354,2.167,1.548,10.895999999999999,0.3891428571428571
444,Georgia,118,2018,2.29,2.615,1.749,0.969,2.329,1.963,1.83,13.745,0.49089285714285713
445,Georgia,118,2019,2.509,2.607,1.749,0.969,2.329,1.963,1.83,13.956000000000001,0.4984285714285715
446,Georgia,118,2020,2.509,2.607,1.023,0.969,1.88,1.963,1.83,12.781,0.4564642857142857
447,Georgia,118,2021,1.251,1.48,1.582,0.433,1.88,1.963,2.069,10.657999999999998,0.38064285714285706
448,Guinea-Bissau,119,2018,0.983,1.368,0.875,2.163,0.728,1.333,1.36,8.809999999999999,0.3146428571428571
449,Guinea-Bissau,119,2019,1.365,1.153,0.765,2.163,0.64,1.915,1.588,9.588999999999999,0.34246428571428567
450,Guinea-Bissau,119,2020,1.365,1.153,1.385,2.163,0.64,1.915,1.588,10.209,0.36460714285714285
451,Guinea-Bissau,119,2021,2.004,1.334,2.579,2.163,1.07,1.915,1.588,12.653000000000002,0.4518928571428572
452,Jamaica,120,2018,1.749,1.811,2.847,2.126,1.993,2.046,2.426,14.998,0.5356428571428571
453,Jamaica,120,2019,2.131,2.261,2.847,1.353,1.993,2.046,2.426,15.056999999999999,0.53775
454,Jamaica,120,2020,2.568,2.682,2.451,2.13,1.478,2.046,2.426,15.780999999999999,0.5636071428571429
455,Jamaica,120,2021,2.568,2.682,2.451,1.286,1.352,2.046,2.426,14.811,0.5289642857142857
456,Kazakhstan,121,2018,-0.09,-0.291,-0.08,-0.572,0.663,0.644,0.834,1.108,0.03957142857142858
457,Kazakhstan,121,2019,0.085,-0.254,-0.134,-0.314,0.663,0.644,0.834,1.524,0.05442857142857143
458,Kazakhstan,121,2020,0.085,-0.225,0.04,-0.314,0.705,1.18,1.128,2.5989999999999998,0.09282142857142857
459,Kazakhstan,121,2021,0.085,-0.1,-0.074,-0.314,0.884,1.18,1.128,2.7889999999999997,0.09960714285714285
460,Kyrgyzstan,122,2018,1.759,1.161,1.145,0.853,1.885,1.669,0.327,8.799,0.31425
461,Kyrgyzstan,122,2019,1.263,0.808,0.872,1.079,1.885,1.127,0.327,7.360999999999999,0.2628928571428571
462,Kyrgyzstan,122,2020,0.699,0.483,0.223,0.929,1.135,1.039,0.011,4.519,0.16139285714285714
463,Kyrgyzstan,122,2021,0.677,0.626,0.348,0.825,1.135,1.132,0.171,4.914,0.1755
464,Laos,123,2018,-2.16,-1.775,-2.58,-0.954,-0.905,-1.048,-0.592,-10.014000000000001,-0.3576428571428572
465,Laos,123,2019,-2.16,-1.775,-2.224,-0.126,-0.905,-0.291,-0.207,-7.6880000000000015,-0.27457142857142863
466,Laos,123,2020,-1.905,-1.711,-1.665,-0.514,-0.905,-0.93,-0.516,-8.146,-0.2909285714285715
467,Laos,123,2021,-2.336,-1.983,-1.976,-0.599,-0.905,-0.798,-0.516,-9.113000000000001,-0.32546428571428576
468,Libya,124,2018,0.012,-0.489,-1.05,-1.819,-0.145,-0.868,-0.879,-5.2379999999999995,-0.18707142857142856
469,Libya,124,2019,0.012,-0.573,-1.05,-1.819,-0.317,-1.031,-0.879,-5.657,-0.2020357142857143
470,Libya,124,2020,0.012,-0.573,-0.921,-1.819,-0.317,-1.031,-0.879,-5.5280000000000005,-0.19742857142857145
471,Libya,124,2021,0.012,-0.573,-0.921,-1.819,-0.423,-1.031,-0.879,-5.634,-0.20121428571428573
472,Madagascar,125,2018,0.822,0.733,1.05,1.27,0.776,0.976,1.052,6.679,0.2385357142857143
473,Madagascar,125,2019,0.656,0.71,0.785,0.952,0.725,0.976,1.052,5.856,0.20914285714285713
474,Madagascar,125,2020,0.656,0.71,0.785,0.952,0.601,0.757,1.052,5.513,0.19689285714285715
475,Madagascar,125,2021,0.333,0.581,0.785,0.952,0.601,0.757,1.052,5.061,0.18075
476,Moldova,126,2018,1.192,1.127,0.755,1.017,1.679,1.535,1.949,9.254,0.33049999999999996
477,Moldova,126,2019,1.819,1.697,0.755,1.017,1.679,1.535,1.949,10.451,0.37325
478,Moldova,126,2020,1.819,1.697,0.89,1.679,0.821,0.675,0.842,8.423,0.3008214285714286
479,Moldova,126,2021,1.819,1.697,1.609,1.679,0.821,1.323,1.339,10.287,0.3673928571428572
480,Namibia,127,2018,1.418,1.515,2.01,2.205,1.968,1.437,1.514,12.066999999999998,0.43096428571428563
481,Namibia,127,2019,1.418,1.515,2.01,2.205,1.968,1.437,1.514,12.066999999999998,0.43096428571428563
482,Namibia,127,2020,1.418,1.515,2.01,2.384,1.968,1.437,1.514,12.245999999999999,0.43735714285714283
483,Namibia,127,2021,1.418,1.515,2.01,2.384,1.968,1.437,1.514,12.245999999999999,0.43735714285714283
484,Palestine/West Bank,128,2018,0.337,0.66,1.393,2.226,0.098,0.267,-0.045,4.936,0.1762857142857143
485,Palestine/West Bank,128,2019,0.659,0.66,1.238,1.405,0.098,0.267,-0.045,4.282,0.15292857142857144
486,Palestine/West Bank,128,2020,0.659,0.66,1.238,1.405,-0.014,0.419,0.021,4.388,0.15671428571428572
487,Palestine/West Bank,128,2021,0.098,0.293,1.238,2.051,-0.014,0.284,0.021,3.971,0.14182142857142857
488,Rwanda,129,2018,-1.479,-0.905,-1.108,0.628,-1.071,0.91,1.068,-1.9570000000000003,-0.06989285714285716
489,Rwanda,129,2019,-1.479,-0.905,-1.302,0.628,-1.151,0.91,1.068,-2.2310000000000003,-0.07967857142857145
490,Rwanda,129,2020,-1.479,-1.001,-1.458,0.527,-1.397,0.91,1.068,-2.8299999999999996,-0.10107142857142856
491,Rwanda,129,2021,-1.479,-0.418,-1.458,0.409,-1.397,-0.227,-0.056,-4.626,-0.16521428571428573
492,Somalia,130,2018,0.153,-0.611,-0.573,-1.603,-0.366,-1.456,-0.602,-5.058,-0.18064285714285713
493,Somalia,130,2019,-0.06,-0.611,-0.756,-1.949,-0.785,-1.982,-0.602,-6.745000000000001,-0.2408928571428572
494,Somalia,130,2020,0.156,-0.433,-0.756,-2.513,-0.785,-1.574,-0.395,-6.299999999999999,-0.22499999999999995
495,Somalia,130,2021,0.156,-0.433,-0.756,-2.513,-0.785,-1.574,-0.395,-6.299999999999999,-0.22499999999999995
496,Sri Lanka,131,2018,1.203,1.561,0.874,1.696,0.911,1.477,1.638,9.360000000000001,0.33428571428571435
497,Sri Lanka,131,2019,0.744,1.29,-0.026,0.563,1.013,1.477,1.638,6.699,0.23925
498,Sri Lanka,131,2020,0.465,0.83,-0.179,0.503,0.57,1.477,0.827,4.492999999999999,0.1604642857142857
499,Sri Lanka,131,2021,0.465,0.626,-0.179,0.503,0.369,0.899,0.827,3.51,0.12535714285714286
500,Eswatini,132,2018,-0.783,-1.191,-0.441,0.168,0.034,1.301,-0.097,-1.0090000000000001,-0.03603571428571429
501,Eswatini,132,2019,-1.06,-1.445,-0.553,0.713,0.811,0.768,-0.097,-0.8629999999999998,-0.030821428571428562
502,Eswatini,132,2020,-1.084,-1.474,-0.639,0.713,0.811,0.768,-0.097,-1.002,-0.03578571428571429
503,Eswatini,132,2021,-2.405,-2.502,-1.061,0.593,0.811,0.63,-0.232,-4.166,-0.1487857142857143
504,Tajikistan,133,2018,-1.441,-1.758,-2.429,-2.076,-0.38,0.931,-0.105,-7.258000000000002,-0.2592142857142858
505,Tajikistan,133,2019,-1.441,-1.475,-2.102,-2.218,-0.553,0.642,-0.385,-7.532,-0.269
506,Tajikistan,133,2020,-1.674,-1.944,-1.792,-1.992,-0.459,0.864,-0.521,-7.518,-0.2685
507,Tajikistan,133,2021,-1.435,-1.67,-1.947,-2.716,-0.459,1.194,-0.354,-7.3870000000000005,-0.2638214285714286
508,Togo,134,2018,-0.464,-0.536,2.14,1.861,0.546,0.854,1.535,5.936000000000001,0.21200000000000002
509,Togo,134,2019,-0.464,-0.536,2.14,1.861,0.594,0.987,1.994,6.576,0.23485714285714285
510,Togo,134,2020,-0.464,-0.536,2.14,1.317,0.594,0.987,1.994,6.031999999999999,0.21542857142857139
511,Togo,134,2021,-0.464,-0.536,2.14,1.317,0.594,0.987,1.994,6.031999999999999,0.21542857142857139
512,Trinidad and Tobago,135,2018,2.007,1.79,2.036,1.911,1.824,0.815,1.626,12.008999999999999,0.4288928571428571
513,Trinidad and Tobago,135,2019,2.007,1.79,2.036,1.911,1.824,0.815,1.626,12.008999999999999,0.4288928571428571
514,Trinidad and Tobago,135,2020,2.007,1.79,2.036,1.911,1.336,0.815,1.626,11.520999999999999,0.41146428571428567
515,Trinidad and Tobago,135,2021,2.007,1.79,2.036,2.409,1.384,0.815,1.626,12.067,0.43096428571428574
516,Turkmenistan,136,2018,-1.65,-1.463,-1.901,-1.952,-1.609,-1.661,-1.292,-11.527999999999999,-0.41171428571428564
517,Turkmenistan,136,2019,-1.551,-1.463,-1.901,-1.952,-1.609,-0.779,-0.842,-10.097,-0.36060714285714285
518,Turkmenistan,136,2020,-1.551,-1.463,-1.901,-2.206,-1.609,-0.779,-0.842,-10.351,-0.36967857142857147
519,Turkmenistan,136,2021,-1.551,-1.463,-1.901,-2.206,-1.609,-0.779,-0.986,-10.495000000000001,-0.3748214285714286
520,Palestine/Gaza,138,2018,-1.322,-1.721,-1.347,-0.346,-2.491,-1.641,-0.752,-9.620000000000001,-0.3435714285714286
521,Palestine/Gaza,138,2019,-1.151,-1.721,-1.582,-0.107,-1.944,-1.641,-0.675,-8.821000000000002,-0.31503571428571436
522,Palestine/Gaza,138,2020,-1.049,-1.665,-0.672,-0.107,-1.954,-1.359,-0.519,-7.325,-0.26160714285714287
523,Palestine/Gaza,138,2021,-0.836,-1.593,-0.212,0.219,-1.441,-1.359,-0.767,-5.989000000000001,-0.21389285714285716
524,Somaliland,139,2018,1.257,1.106,0.643,-0.302,0.723,0.856,0.343,4.626,0.16521428571428573
525,Somaliland,139,2019,0.931,1.106,0.643,-0.489,0.634,0.669,0.226,3.7199999999999998,0.13285714285714284
526,Somaliland,139,2020,0.931,0.805,0.643,-0.489,0.634,0.669,0.226,3.4190000000000005,0.12210714285714287
527,Somaliland,139,2021,1.148,0.916,0.643,-0.489,0.634,0.669,0.226,3.747,0.13382142857142856
528,Uzbekistan,140,2018,-0.276,-0.398,-0.798,-1.085,-0.484,-0.477,-0.246,-3.764,-0.13442857142857143
529,Uzbekistan,140,2019,0.085,0.081,-0.479,-0.484,-0.38,-0.183,-0.259,-1.6190000000000002,-0.05782142857142858
530,Uzbekistan,140,2020,0.334,0.234,-0.479,-0.209,-0.229,-0.183,-0.259,-0.7909999999999999,-0.028249999999999997
531,Uzbekistan,140,2021,0.334,0.234,-0.137,-0.209,-0.229,-0.183,-0.259,-0.44899999999999995,-0.016035714285714285
532,Austria,144,2018,2.119,3.016,2.605,0.798,1.735,2.196,1.56,14.029,0.5010357142857143
533,Austria,144,2019,2.711,3.016,2.605,0.805,1.451,2.196,1.56,14.344000000000001,0.5122857142857143
534,Austria,144,2020,2.711,3.016,2.605,0.805,1.034,1.005,1.573,12.749000000000002,0.45532142857142865
535,Austria,144,2021,2.711,3.016,2.605,0.805,1.997,1.005,1.573,13.712,0.4897142857142857
536,Bahrain,146,2018,-2.002,-1.931,-2.448,-2.123,-1.027,-0.506,-0.167,-10.204,-0.36442857142857144
537,Bahrain,146,2019,-1.002,-0.927,-2.448,-1.39,-1.027,-0.161,-0.167,-7.121999999999999,-0.25435714285714284
538,Bahrain,146,2020,-0.799,-0.747,-2.448,-1.39,-0.834,-0.161,0.095,-6.283999999999999,-0.2244285714285714
539,Bahrain,146,2021,-0.799,-0.747,-2.448,-1.39,-0.834,-0.161,0.095,-6.283999999999999,-0.2244285714285714
540,Barbados,147,2018,2.473,2.528,1.749,2.365,2.393,2.199,2.088,15.794999999999998,0.5641071428571428
541,Barbados,147,2019,2.473,2.528,2.153,2.365,2.393,2.199,2.088,16.198999999999998,0.5785357142857143
542,Barbados,147,2020,2.473,2.528,2.153,2.365,2.393,2.199,2.088,16.198999999999998,0.5785357142857143
543,Barbados,147,2021,2.473,2.528,2.153,2.365,2.393,2.199,2.088,16.198999999999998,0.5785357142857143
544,Belgium,148,2018,2.372,2.44,3.185,1.821,1.662,2.265,2.42,16.165,0.5773214285714285
545,Belgium,148,2019,2.372,2.44,3.185,1.821,1.662,2.265,2.42,16.165,0.5773214285714285
546,Belgium,148,2020,2.372,2.44,3.185,1.821,0.692,2.265,2.42,15.195,0.5426785714285715
547,Belgium,148,2021,2.372,2.44,2.05,1.821,0.973,2.265,2.42,14.341000000000001,0.5121785714285715
548,Bosnia and Herzegovina,150,2018,1.0,0.39,0.696,0.991,2.159,1.317,1.159,7.712000000000001,0.27542857142857147
549,Bosnia and Herzegovina,150,2019,0.992,0.116,0.664,0.991,2.531,1.317,0.913,7.524000000000001,0.26871428571428574
550,Bosnia and Herzegovina,150,2020,0.692,0.116,0.551,0.991,2.531,1.056,0.8,6.737,0.24060714285714285
551,Bosnia and Herzegovina,150,2021,0.692,0.116,0.551,0.991,2.148,0.699,0.63,5.827,0.20810714285714285
552,Bulgaria,152,2018,1.556,1.525,1.451,1.024,2.142,1.303,1.669,10.670000000000002,0.3810714285714286
553,Bulgaria,152,2019,1.556,1.525,1.451,1.024,2.142,1.303,1.669,10.670000000000002,0.3810714285714286
554,Bulgaria,152,2020,1.556,1.525,1.405,1.424,2.142,1.303,1.669,11.024000000000001,0.39371428571428574
555,Bulgaria,152,2021,1.913,1.857,1.198,1.091,2.142,1.304,1.994,11.499,0.41067857142857145
556,Comoros,153,2018,-0.151,0.154,1.817,-0.451,0.377,0.983,0.602,3.3309999999999995,0.1189642857142857
557,Comoros,153,2019,-0.151,0.107,1.817,-0.451,0.377,0.983,0.602,3.284,0.11728571428571428
558,Comoros,153,2020,-0.151,0.348,1.534,-0.249,0.522,0.049,0.182,2.2350000000000003,0.07982142857142858
559,Comoros,153,2021,0.397,0.697,1.23,-0.249,0.629,0.049,0.398,3.151,0.11253571428571428
560,Croatia,154,2018,1.408,1.209,0.888,1.504,2.479,1.736,2.422,11.646,0.4159285714285715
561,Croatia,154,2019,1.472,1.025,1.003,1.504,1.519,0.781,1.296,8.6,0.3071428571428571
562,Croatia,154,2020,1.775,1.025,1.076,1.504,0.939,0.213,0.726,7.258,0.25921428571428573
563,Croatia,154,2021,1.775,1.404,1.076,1.508,1.094,1.267,2.171,10.295,0.3676785714285714
564,Cuba,155,2018,-1.34,-1.105,-1.58,-0.136,-0.835,-0.391,-0.233,-5.62,-0.2007142857142857
565,Cuba,155,2019,-1.395,-1.142,-1.58,0.007,-0.835,-0.391,-0.233,-5.569,-0.19889285714285715
566,Cuba,155,2020,-1.826,-1.798,-1.747,0.007,-0.835,-0.391,-0.233,-6.823,-0.24367857142857144
567,Cuba,155,2021,-1.826,-1.798,-1.747,0.007,-1.511,-1.064,-0.883,-8.822000000000001,-0.3150714285714286
568,Cyprus,156,2018,2.08,2.226,2.128,1.347,2.233,2.055,0.998,13.067,0.46667857142857144
569,Cyprus,156,2019,2.08,2.226,2.293,1.347,1.849,2.055,0.998,12.847999999999999,0.4588571428571428
570,Cyprus,156,2020,2.08,2.226,2.293,1.347,1.393,2.055,0.998,12.392,0.44257142857142856
571,Cyprus,156,2021,2.08,2.226,2.225,1.347,1.393,2.055,0.998,12.324,0.4401428571428571
572,Czech Republic,157,2018,3.089,3.164,2.195,1.414,2.696,1.622,1.78,15.959999999999999,0.57
573,Czech Republic,157,2019,3.089,3.164,2.267,1.513,2.696,1.905,2.099,16.732999999999997,0.5976071428571428
574,Czech Republic,157,2020,2.337,2.39,2.076,1.513,0.822,1.26,1.561,11.959,0.42710714285714285
575,Czech Republic,157,2021,1.855,1.826,1.537,1.513,1.104,1.375,1.65,10.860000000000001,0.3878571428571429
576,Denmark,158,2018,3.095,3.275,2.619,1.355,2.712,1.994,2.234,17.284,0.6172857142857142
577,Denmark,158,2019,3.095,2.09,2.619,1.355,1.836,1.994,2.234,15.223,0.5436785714285715
578,Denmark,158,2020,3.095,2.981,2.619,1.355,1.404,1.045,1.007,13.506,0.4823571428571429
579,Denmark,158,2021,3.095,2.981,2.619,2.248,1.532,1.114,1.409,14.998000000000003,0.5356428571428572
580,Equatorial Guinea,160,2018,-1.314,-1.264,-1.848,0.541,-0.753,-1.265,-0.544,-6.446999999999999,-0.23024999999999998
581,Equatorial Guinea,160,2019,-0.941,-0.826,-2.165,0.541,-0.715,-1.265,-0.544,-5.914999999999999,-0.21124999999999997
582,Equatorial Guinea,160,2020,-0.941,-0.882,-2.333,0.507,-0.715,-1.458,-0.76,-6.582000000000001,-0.2350714285714286
583,Equatorial Guinea,160,2021,-0.941,-0.882,-2.333,0.507,-0.715,-1.45,-0.852,-6.666000000000001,-0.23807142857142863
584,Estonia,161,2018,2.41,2.334,2.647,1.962,2.352,2.087,2.297,16.089,0.5746071428571428
585,Estonia,161,2019,2.41,2.334,2.04,1.372,2.352,2.087,2.297,14.892000000000001,0.5318571428571429
586,Estonia,161,2020,2.41,2.334,2.04,1.372,2.352,2.087,2.297,14.892000000000001,0.5318571428571429
587,Estonia,161,2021,2.41,2.334,2.792,2.079,2.352,2.087,2.297,16.351,0.5839642857142857
588,Fiji,162,2018,0.069,0.039,-0.422,0.911,1.005,1.454,1.556,4.612,0.16471428571428573
589,Fiji,162,2019,0.069,0.039,0.0,1.092,1.005,1.454,1.556,5.215,0.18625
590,Fiji,162,2020,0.069,0.039,0.0,1.092,1.17,1.009,1.333,4.712,0.1682857142857143
591,Fiji,162,2021,0.161,0.082,0.0,1.092,1.044,0.812,1.142,4.333,0.15475
592,Finland,163,2018,2.53,2.909,3.102,2.895,2.757,2.23,2.539,18.962,0.6772142857142857
593,Finland,163,2019,2.53,2.909,2.039,1.835,2.757,2.23,2.539,16.839,0.6013928571428571
594,Finland,163,2020,2.53,2.909,2.809,2.516,2.182,2.23,2.539,17.715000000000003,0.6326785714285715
595,Finland,163,2021,2.53,2.909,2.809,2.516,2.182,2.23,2.539,17.715000000000003,0.6326785714285715
596,Greece,164,2018,2.515,2.581,1.605,1.045,2.777,1.705,2.136,14.364,0.513
597,Greece,164,2019,2.286,2.368,1.605,0.473,2.777,1.705,2.136,13.350000000000001,0.4767857142857143
598,Greece,164,2020,2.286,2.368,1.605,0.473,2.777,1.705,2.136,13.350000000000001,0.4767857142857143
599,Greece,164,2021,2.208,2.292,1.605,0.473,2.777,1.705,2.136,13.196000000000002,0.47128571428571436
600,Guyana,166,2018,2.491,2.178,1.846,2.079,1.118,2.162,1.71,13.584000000000003,0.48514285714285726
601,Guyana,166,2019,2.491,2.136,1.514,2.079,1.118,2.162,1.71,13.21,0.4717857142857143
602,Guyana,166,2020,2.491,2.136,1.817,2.079,1.118,2.162,1.71,13.513000000000002,0.4826071428571429
603,Guyana,166,2021,1.863,1.577,1.877,2.079,1.635,1.032,1.273,11.336,0.40485714285714286
604,Hong Kong,167,2018,1.2,1.201,0.794,1.086,1.561,1.809,1.915,9.565999999999999,0.3416428571428571
605,Hong Kong,167,2019,0.801,0.82,0.641,1.086,1.793,1.809,1.915,8.865,0.31660714285714286
606,Hong Kong,167,2020,0.179,0.189,0.255,0.664,0.726,1.578,1.793,5.384,0.1922857142857143
607,Hong Kong,167,2021,-0.144,-0.097,-0.432,0.498,0.187,0.922,1.134,2.0679999999999996,0.07385714285714284
608,Iceland,168,2018,2.563,2.442,2.612,2.204,2.122,2.364,2.564,16.871000000000002,0.6025357142857144
609,Iceland,168,2019,2.563,2.442,2.612,2.204,2.122,2.364,2.564,16.871000000000002,0.6025357142857144
610,Iceland,168,2020,2.048,2.002,1.989,2.204,2.046,2.364,2.564,15.216999999999999,0.5434642857142856
611,Iceland,168,2021,2.048,2.002,1.989,2.204,2.046,2.364,2.564,15.216999999999999,0.5434642857142856
612,Israel,169,2018,1.491,1.4,1.547,1.543,0.837,1.414,0.843,9.075,0.3241071428571428
613,Israel,169,2019,1.491,1.357,2.36,2.08,0.822,1.414,0.843,10.366999999999999,0.37024999999999997
614,Israel,169,2020,2.096,2.089,2.36,2.08,1.428,1.414,0.843,12.31,0.43964285714285717
615,Israel,169,2021,2.096,2.089,2.36,1.744,1.428,1.414,0.843,11.973999999999998,0.4276428571428571
616,Kuwait,171,2018,-0.38,-0.361,-0.122,-0.24,1.554,0.958,-0.22,1.189,0.04246428571428572
617,Kuwait,171,2019,0.137,-0.361,0.253,-0.24,1.554,0.958,-0.015,2.286,0.08164285714285714
618,Kuwait,171,2020,0.137,-0.361,0.253,-0.05,1.554,0.958,-0.015,2.476,0.08842857142857143
619,Kuwait,171,2021,0.294,0.102,0.253,0.084,1.554,0.958,-0.028,3.217,0.11489285714285714
620,Lithuania,173,2018,1.433,1.328,1.661,1.932,2.065,2.067,2.429,12.915000000000001,0.46125000000000005
621,Lithuania,173,2019,1.433,1.328,1.661,1.932,2.065,2.067,2.429,12.915000000000001,0.46125000000000005
622,Lithuania,173,2020,1.433,1.328,1.661,1.932,2.021,1.121,1.89,11.386000000000001,0.4066428571428572
623,Lithuania,173,2021,1.433,1.328,1.661,1.399,1.801,0.917,1.726,10.265,0.36660714285714285
624,Luxembourg,174,2018,2.89,2.118,2.667,1.916,2.411,2.046,2.221,16.269,0.5810357142857142
625,Luxembourg,174,2019,2.89,2.118,2.667,1.916,2.411,2.046,2.221,16.269,0.5810357142857142
626,Luxembourg,174,2020,2.89,2.118,2.667,1.916,1.37,0.738,0.968,12.666999999999998,0.4523928571428571
627,Luxembourg,174,2021,2.89,2.118,2.667,1.916,1.37,0.901,1.61,13.471999999999998,0.48114285714285704
628,North Macedonia,176,2018,0.971,1.142,1.444,0.903,1.396,1.427,1.164,8.447,0.3016785714285714
629,North Macedonia,176,2019,0.971,1.142,1.275,1.228,1.798,1.427,1.164,9.004999999999999,0.3216071428571428
630,North Macedonia,176,2020,0.971,1.142,1.487,1.228,1.407,1.427,1.164,8.826,0.3152142857142857
631,North Macedonia,176,2021,0.971,1.142,1.561,1.228,1.407,1.427,1.164,8.9,0.3178571428571429
632,Malaysia,177,2018,0.498,0.533,0.4,-0.283,0.428,1.368,1.388,4.332,0.15471428571428572
633,Malaysia,177,2019,0.498,0.533,0.4,-0.283,0.428,1.368,1.388,4.332,0.15471428571428572
634,Malaysia,177,2020,0.273,0.335,-0.15,-0.283,0.428,1.368,1.388,3.359,0.11996428571428572
635,Malaysia,177,2021,0.273,0.335,-0.319,-0.283,0.428,1.368,1.388,3.1900000000000004,0.11392857142857145
636,Malta,178,2018,1.406,1.483,1.298,1.93,2.223,1.036,1.179,10.555,0.3769642857142857
637,Malta,178,2019,1.406,1.483,1.298,1.93,2.223,1.036,1.179,10.555,0.3769642857142857
638,Malta,178,2020,1.406,1.483,1.298,1.772,2.223,1.036,1.179,10.397,0.3713214285714286
639,Malta,178,2021,1.553,1.614,1.47,1.808,2.223,1.036,1.179,10.883,0.3886785714285714
640,Mauritius,180,2018,2.714,2.103,1.334,1.676,2.212,1.824,1.122,12.985,0.46375
641,Mauritius,180,2019,2.714,2.103,1.334,1.676,2.25,1.824,1.078,12.979,0.4635357142857143
642,Mauritius,180,2020,1.376,1.719,0.506,1.676,1.293,1.824,1.078,9.472,0.33828571428571425
643,Mauritius,180,2021,1.035,1.433,0.506,1.676,0.729,1.824,0.515,7.718,0.27564285714285713
644,Montenegro,183,2018,1.382,1.391,0.33,2.272,1.17,2.049,1.861,10.455,0.37339285714285714
645,Montenegro,183,2019,1.382,1.391,0.33,1.106,1.17,2.049,1.861,9.289,0.33175
646,Montenegro,183,2020,1.382,1.391,0.33,0.718,0.773,-0.084,-0.416,4.093999999999999,0.14621428571428569
647,Montenegro,183,2021,1.952,1.391,0.795,0.859,2.09,-0.084,-0.416,6.587,0.23525
648,New Zealand,185,2018,2.921,3.006,3.068,2.715,2.385,2.41,2.583,19.088,0.6817142857142857
649,New Zealand,185,2019,2.921,3.006,3.068,2.715,2.385,2.41,2.583,19.088,0.6817142857142857
650,New Zealand,185,2020,2.921,3.006,2.444,2.715,1.199,2.41,2.583,17.278,0.6170714285714285
651,New Zealand,185,2021,2.921,3.006,1.759,2.715,0.636,2.41,2.583,16.03,0.5725
652,Norway,186,2018,2.27,2.264,3.167,2.703,2.607,2.317,2.216,17.544,0.6265714285714286
653,Norway,186,2019,2.27,1.572,3.167,2.703,2.607,2.317,1.073,15.709,0.5610357142857143
654,Norway,186,2020,2.27,1.572,3.167,2.703,0.365,1.026,0.77,11.873,0.42403571428571424
655,Norway,186,2021,2.27,1.572,3.167,2.703,0.365,1.026,0.77,11.873,0.42403571428571424
656,Oman,187,2018,-0.781,-0.835,-0.643,-0.299,0.955,1.142,-0.592,-1.0530000000000004,-0.037607142857142874
657,Oman,187,2019,-0.632,-0.835,-0.643,-0.003,0.955,1.142,-0.592,-0.6080000000000004,-0.02171428571428573
658,Oman,187,2020,-0.632,-0.835,-0.643,-0.003,0.775,0.695,-0.592,-1.2350000000000005,-0.04410714285714288
659,Oman,187,2021,-0.632,-0.835,-0.643,-0.003,0.775,0.789,-0.592,-1.1410000000000005,-0.040750000000000015
660,Paraguay,189,2018,1.383,1.17,1.82,2.233,2.019,1.763,1.674,12.062,0.43078571428571427
661,Paraguay,189,2019,1.383,1.17,1.82,2.233,2.019,1.763,1.674,12.062,0.43078571428571427
662,Paraguay,189,2020,1.383,1.17,1.82,2.233,1.296,0.959,0.991,9.852,0.35185714285714287
663,Paraguay,189,2021,1.383,1.17,1.82,2.233,1.296,0.959,0.991,9.852,0.35185714285714287
664,Romania,190,2018,1.553,1.331,1.1,1.434,2.788,1.552,1.917,11.674999999999999,0.4169642857142857
665,Romania,190,2019,1.834,1.537,1.483,1.434,2.788,1.552,1.917,12.545,0.44803571428571426
666,Romania,190,2020,1.87,1.693,1.698,1.434,0.863,0.955,1.014,9.527,0.34025
667,Romania,190,2021,2.813,2.427,1.698,0.825,1.128,0.624,1.136,10.651,0.38039285714285714
668,Sao Tome and Principe,196,2018,2.182,1.637,1.806,1.957,2.144,2.112,2.125,13.963,0.4986785714285714
669,Sao Tome and Principe,196,2019,2.182,1.637,1.806,1.957,2.144,2.112,2.125,13.963,0.4986785714285714
670,Sao Tome and Principe,196,2020,2.182,1.637,1.806,1.957,2.144,2.112,2.125,13.963,0.4986785714285714
671,Sao Tome and Principe,196,2021,2.182,1.637,1.806,1.957,2.144,2.112,2.125,13.963,0.4986785714285714
672,Saudi Arabia,197,2018,-1.355,-1.344,-1.676,-2.216,-1.173,0.435,-2.452,-9.781,-0.3493214285714286
673,Saudi Arabia,197,2019,-1.174,-1.188,-1.348,-2.876,-0.966,0.435,-1.498,-8.615,-0.3076785714285714
674,Saudi Arabia,197,2020,-1.374,-1.368,-1.231,-2.876,-1.057,0.435,-1.805,-9.276000000000002,-0.33128571428571435
675,Saudi Arabia,197,2021,-1.28,-1.262,-1.231,-2.876,-1.057,0.435,-1.675,-8.946,-0.3195
676,Serbia,198,2018,0.915,0.894,0.809,1.438,2.32,1.23,1.394,9.0,0.32142857142857145
677,Serbia,198,2019,0.915,0.894,0.809,1.662,2.32,1.23,1.394,9.224,0.32942857142857146
678,Serbia,198,2020,1.243,0.894,0.809,1.662,1.687,0.916,1.106,8.317000000000002,0.29703571428571435
679,Serbia,198,2021,1.165,0.894,0.809,1.662,1.135,1.091,1.269,8.025,0.2866071428571429
680,Seychelles,199,2018,0.386,0.418,0.776,0.893,0.803,1.955,2.176,7.407,0.26453571428571426
681,Seychelles,199,2019,0.834,0.714,0.776,0.893,0.803,1.955,2.176,8.151,0.29110714285714284
682,Seychelles,199,2020,0.834,0.714,1.753,1.287,0.575,1.955,2.176,9.294,0.33192857142857146
683,Seychelles,199,2021,0.834,0.714,1.753,1.287,0.575,1.955,2.176,9.294,0.33192857142857146
684,Singapore,200,2018,-0.127,0.255,-0.128,1.147,0.864,1.717,1.437,5.165,0.18446428571428572
685,Singapore,200,2019,-0.209,0.03,-0.128,0.886,1.631,1.165,1.437,4.812,0.17185714285714287
686,Singapore,200,2020,-0.147,0.242,-0.128,0.886,1.589,1.724,1.93,6.096,0.21771428571428572
687,Singapore,200,2021,-0.147,0.242,-0.128,0.886,1.376,1.048,1.359,4.636,0.16557142857142856
688,Slovakia,201,2018,1.546,1.538,1.34,0.875,2.449,1.961,2.186,11.895,0.42482142857142857
689,Slovakia,201,2019,2.365,2.35,2.136,0.875,2.449,1.961,2.186,14.322000000000001,0.5115000000000001
690,Slovakia,201,2020,2.365,2.35,2.132,1.023,1.153,0.956,1.279,11.258,0.4020714285714285
691,Slovakia,201,2021,2.365,2.35,2.886,1.023,1.153,0.956,1.279,12.012,0.429
692,Slovenia,202,2018,2.491,2.233,2.498,1.123,2.516,1.615,1.243,13.719000000000001,0.48996428571428574
693,Slovenia,202,2019,2.491,2.233,2.498,1.123,2.516,1.615,1.243,13.719000000000001,0.48996428571428574
694,Slovenia,202,2020,1.487,1.481,1.475,1.68,1.161,0.711,0.841,8.835999999999999,0.3155714285714285
695,Slovenia,202,2021,0.892,0.869,1.158,1.68,1.161,1.358,1.488,8.606,0.30735714285714283
696,Solomon Islands,203,2018,1.969,0.866,1.917,1.124,1.649,1.326,-0.053,8.797999999999998,0.31421428571428567
697,Solomon Islands,203,2019,1.969,0.866,1.917,1.124,1.649,1.326,-0.053,8.797999999999998,0.31421428571428567
698,Solomon Islands,203,2020,1.591,1.007,1.917,1.802,1.061,1.111,-0.053,8.436,0.30128571428571427
699,Solomon Islands,203,2021,1.591,1.149,1.917,1.802,0.91,1.275,-0.05,8.594,0.3069285714285714
700,Vanuatu,206,2018,1.702,2.094,2.19,1.889,1.374,1.16,0.727,11.136000000000001,0.39771428571428574
701,Vanuatu,206,2019,1.702,2.094,2.19,1.889,1.374,1.16,0.727,11.136000000000001,0.39771428571428574
702,Vanuatu,206,2020,1.389,1.37,2.19,1.889,1.374,1.16,0.727,10.099,0.36067857142857146
703,Vanuatu,206,2021,2.628,2.64,2.638,1.889,1.374,1.16,0.727,13.056000000000001,0.4662857142857143
704,United Arab Emirates,207,2018,-0.217,-0.605,-0.992,0.67,0.188,-0.314,-0.885,-2.1550000000000002,-0.07696428571428572
705,United Arab Emirates,207,2019,-0.217,-0.605,-0.643,0.67,0.188,-0.314,-1.293,-2.2139999999999995,-0.07907142857142856
706,United Arab Emirates,207,2020,-0.217,-0.605,-0.643,0.67,0.188,-0.723,-1.08,-2.4099999999999997,-0.08607142857142856
707,United Arab Emirates,207,2021,-0.597,-0.885,-1.011,0.67,0.188,-0.446,-0.909,-2.99,-0.10678571428571429
708,Hungary,210,2018,1.406,1.221,0.434,1.516,2.648,2.033,2.342,11.6,0.41428571428571426
709,Hungary,210,2019,1.115,1.031,0.241,1.516,2.648,2.033,2.342,10.926,0.39021428571428574
710,Hungary,210,2020,1.115,1.031,0.027,1.442,1.063,2.033,2.342,9.053,0.3233214285714286
711,Hungary,210,2021,1.643,1.523,-0.047,1.442,1.563,2.033,2.342,10.499,0.37496428571428575
712,Zanzibar,236,2018,-0.417,-0.664,-0.293,1.117,0.008,1.14,0.9,1.791,0.06396428571428571
713,Zanzibar,236,2019,-0.417,-0.664,-0.615,0.961,0.008,1.14,0.9,1.313,0.04689285714285714
714,Zanzibar,236,2020,-0.336,-0.57,-0.624,1.051,-0.11,1.487,1.029,1.927,0.06882142857142858
715,Zanzibar,236,2021,0.351,-0.168,0.03,1.051,-0.035,1.487,1.029,3.745,0.13375
