加總 - new_cases,欄標籤,,,
列標籤,2020年,2021年,2022年,總計
Afghanistan,52332,105754,48624,206710
1月,,2693,4848,7541
2月,5,691,10733,11429
3月,163,740,4088,4991
4月,1661,3291,1132,6084
5月,13353,12093,1468,26914
6月,16265,46821,2181,65267
7月,5183,28495,3221,36899
8月,1620,6066,7501,15187
9月,1106,1954,5938,8998
10月,1980,1076,3875,6931
11月,4881,1039,2844,8764
12月,6115,795,795,7705
Africa,2760926,6977423,2694902,12433251
1月,,809148,1130918,1940066
2月,3,327680,446100,773783
3月,5764,319961,225752,551477
4月,32993,340423,114022,487438
5月,108124,282686,212649,603459
6月,258340,664182,178315,1100837
7月,523189,1204828,195306,1923323
8月,324253,1081053,67092,1472398
9月,229702,520504,31668,781874
10月,303545,193779,29001,526325
11月,388843,164029,44218,597090
12月,586170,1069150,19861,1675181
Albania,58316,151908,123311,333535
1月,,19811,48319,68130
2月,,29040,13020,42060
3月,243,17990,2114,20347
4月,530,5928,1430,7888
5月,364,1230,994,2588
6月,1398,206,4750,6354
7月,2741,560,31246,34547
8月,4237,13306,17255,34798
9月,4136,23744,2869,30749
10月,7226,15169,745,23140
11月,17307,14645,377,32329
12月,20134,10279,192,30605
Algeria,99610,118822,52715,271147
1月,,7729,33685,41414
2月,1,5753,12819,18573
3月,715,4100,735,5550
4月,3290,4916,109,8315
5月,5388,6805,104,12297
6月,4513,10713,203,15429
7月,16487,31766,1367,49620
8月,14100,24688,2850,41638
9月,7036,7279,369,14684
10月,6412,3093,165,9670
11月,25257,4079,252,29588
12月,16411,7901,57,24369
Andorra,8049,15691,23706,47446
1月,,1888,12218,14106
2月,,929,2041,2970
3月,376,1144,2025,3545
4月,369,1222,1325,2916
5月,19,495,1545,2059
6月,91,184,880,1155
7月,70,767,1734,2571
8月,251,355,519,1125
9月,874,189,200,1263
10月,2706,294,308,3308
11月,1989,1599,684,4272
12月,1304,6625,227,8156
Angola,17553,64040,23215,104808
1月,,2243,16523,18766
2月,,1011,625,1636
3月,7,1504,428,1939
4月,20,4341,118,4479
5月,59,7899,474,8432
6月,198,4298,1559,6055
7月,864,3928,981,5773
8月,1506,4767,335,6608
9月,2318,9039,495,11852
10月,5833,7850,0,13683
11月,4334,735,1545,6614
12月,2414,16425,132,18971
Anguilla,13,1661,2230,3904
1月,,3,650,653
2月,,2,231,233
3月,2,7,145,154
4月,1,68,88,157
5月,0,16,415,431
6月,0,0,253,253
7月,0,4,124,128
8月,0,104,257,361
9月,0,192,28,220
10月,0,535,1,536
11月,3,442,38,483
12月,7,288,0,295
Antigua and Barbuda,160,4125,4823,9108
1月,,75,2344,2419
2月,,496,810,1306
3月,7,406,54,467
4月,17,96,135,248
5月,2,29,627,658
6月,43,3,388,434
7月,23,40,132,195
8月,3,412,201,616
9月,7,1516,124,1647
10月,27,827,8,862
11月,13,83,0,96
12月,18,142,0,160
Argentina,1625514,4028894,4112567,9766975
1月,,301725,2724248,3025973
2月,,180126,522000,702126
3月,1054,241456,137255,379765
4月,3374,628542,34319,666235
5月,12423,804421,158343,975187
6月,47679,688590,136599,872868
7月,126772,459390,193135,779297
8月,226433,255856,117918,600207
9月,333266,71282,30195,434743
10月,415923,31905,10455,458283
11月,257609,41941,8372,307922
12月,200981,323660,39728,564369
Armenia,159409,185521,100951,445881
1月,,7617,22865,30482
2月,,5032,52037,57069
3月,532,20581,2687,23800
4月,1534,23425,348,25307
5月,7216,6606,96,13918
6月,16260,2425,280,18965
7月,13008,5015,2122,20145
8月,5231,12025,9033,26289
9月,6578,19562,8477,34617
10月,39454,46629,2367,88450
11月,45311,30192,495,75998
12月,24285,6412,144,30841
Aruba,5489,14972,24086,44547
1月,,1477,12539,14016
2月,,925,684,1609
3月,55,1552,282,1889
4月,45,1195,880,2120
5月,1,347,2188,2536
6月,2,153,3684,3839
7月,18,592,1362,1972
8月,1885,2846,768,5499
9月,1957,924,122,3003
10月,550,425,1218,2193
11月,332,429,307,1068
12月,644,4107,52,4803
Asia,19898874,64275714,112593343,196767931
1月,9333,2398667,15851264,18259264
2月,73839,1909888,16513576,18497303
3月,96833,3484925,22812559,26394317
4月,342990,11017797,8612636,19973423
5月,618468,11741131,4547296,16906895
6月,1166691,4556963,3652014,9375668
7月,1991759,6250643,8788038,17030440
8月,2818014,8096119,13000810,23914943
9月,3555356,5794362,6161677,15511395
10月,3046598,3695767,3942723,10685088
11月,3077099,2799688,5942435,11819222
12月,3101894,2529764,2768315,8399973
Australia,28425,397071,10470810,10896306
1月,9,393,2181746,2182148
2月,16,160,657205,657381
3月,4534,344,1338049,1342927
4月,2207,489,1380076,1382772
5月,436,307,1359266,1360009
6月,718,525,852265,853508
7月,9360,3740,1271166,1284266
8月,8539,20710,606242,635491
9月,1277,52088,197572,250937
10月,499,64849,139789,205137
11月,317,39625,280456,320398
12月,513,213841,206978,421332
Austria,356064,914748,4358772,5629584
1月,,53223,564791,618014
2月,4,43360,835721,879085
3月,9261,84656,1170725,1264642
4月,6138,74267,332696,413101
5月,1208,28153,113409,142770
6月,1019,6214,171614,178847
7月,3244,8307,314276,325827
8月,6258,28377,181967,216602
9月,17100,55082,188451,260633
10月,57236,84558,308040,449834
11月,177033,325652,122066,624751
12月,77563,122899,55016,255478
Azerbaijan,218700,398247,207957,824904
1月,,11519,41523,53042
2月,,4318,127200,131518
3月,298,27176,6262,33736
4月,1506,57396,655,59557
5月,3690,14847,205,18742
6月,12030,2091,409,14530
7月,14354,7802,5662,27818
8月,4557,81042,14599,100198
9月,3794,59011,8003,70808
10月,15040,47468,1818,64326
11月,65907,56948,1079,123934
12月,97524,28629,542,126695
Bahamas,7871,16653,13015,37539
1月,,303,8086,8389
2月,,345,573,918
3月,14,600,148,762
4月,67,1334,275,1676
5月,21,1343,1201,2565
6月,2,790,1216,2008
7月,470,2254,749,3473
8月,1643,3299,351,5293
9月,1906,2845,215,4966
10月,2591,1367,96,4054
11月,827,488,97,1412
12月,330,1685,8,2023
Bahrain,92675,189387,415399,697461
1月,,10382,92513,102895
2月,41,19337,140308,159686
3月,526,22051,39586,62163
4月,2473,32489,14237,49199
5月,8358,63597,16959,88914
6月,15360,25296,40191,80847
7月,14224,3359,33791,51374
8月,10990,3354,12050,26394
9月,18892,2517,8862,30271
10月,10781,1772,9628,22181
11月,5311,861,6145,12317
12月,5719,4372,1129,11220
Bangladesh,513510,1072029,451286,2036825
1月,,21629,213294,234923
2月,,11077,144744,155821
3月,51,65079,8000,73130
4月,7616,147837,1114,156567
5月,39486,41408,816,81710
6月,98330,112718,20282,231330
7月,92178,336226,31468,459872
8月,75335,251134,6689,333158
9月,50483,55293,13251,119027
10月,44205,13628,10043,67876
11月,57248,6745,1345,65338
12月,48578,9255,240,58073
Barbados,383,28182,75851,104416
1月,,1162,15865,17027
2月,,1523,10735,12258
3月,34,584,4107,4725
4月,47,203,10808,11058
5月,11,162,10574,10747
6月,5,64,3767,3836
7月,13,309,7665,7987
8月,64,642,9034,9740
9月,16,3349,1460,4825
10月,47,9382,434,9863
11月,39,7553,1402,8994
12月,107,3249,0,3356
Belarus,194284,504826,294927,994037
1月,,54052,43843,97895
2月,1,38970,176783,215754
3月,151,34501,42971,77623
4月,13875,36931,17638,68444
5月,28529,35701,2522,66752
6月,19562,22750,0,42312
7月,5690,28851,11170,45711
8月,4035,35492,0,39527
9月,6788,56554,0,63342
10月,19851,62082,0,81933
11月,38165,54550,0,92715
12月,57637,44392,0,102029
Belgium,646496,1458847,2549130,4654473
1月,,63657,1049896,1113553
2月,1,61358,402075,463434
3月,12774,110942,293734,417450
4月,35744,107776,205400,348920
5月,9862,71772,96110,177744
6月,3046,23130,93520,119696
7月,7324,39584,168177,215085
8月,16485,59949,68060,144494
9月,33216,60290,62190,155696
10月,310777,115696,67734,494207
11月,148116,405385,27172,580673
12月,69151,339308,15062,423521
Belize,10776,22064,36536,69376
1月,,1132,17647,18779
2月,,385,6207,6592
3月,3,163,586,752
4月,15,212,217,444
5月,0,141,1868,2009
6月,6,442,4601,5049
7月,24,912,3145,4081
8月,959,2190,1191,4340
9月,985,4448,552,5985
10月,1495,5997,89,7581
11月,2367,3633,105,6105
12月,4922,2409,328,7659
Benin,3460,21684,3045,28189
1月,,642,1515,2157
2月,,1541,117,1658
3月,9,1666,385,2060
4月,55,721,0,776
5月,377,237,0,614
6月,967,141,264,1372
7月,606,195,100,901
8月,340,4972,174,5486
9月,212,10524,148,10884
10月,286,859,144,1289
11月,372,101,198,671
12月,236,85,0,321
Bermuda,604,5816,12099,18519
1月,,87,4373,4460
2月,,14,768,782
3月,32,512,1003,1547
4月,82,1176,924,2182
5月,26,101,1267,1394
6月,6,20,1407,1433
7月,10,39,1031,1080
8月,16,370,720,1106
9月,9,2321,241,2571
10月,18,403,186,607
11月,61,101,123,285
12月,344,672,56,1072
Bhutan,670,1990,59861,62521
1月,,189,2231,2420
2月,,8,7811,7819
3月,4,6,15399,15409
4月,3,201,31062,31266
5月,36,546,465,1047
6月,34,480,101,615
7月,24,415,639,1078
8月,124,81,708,913
9月,57,5,893,955
10月,67,20,411,498
11月,61,19,123,203
12月,260,20,18,298
Bolivia,160124,439629,520759,1120512
1月,,56711,255952,312663
2月,,32175,37690,69865
3月,107,23401,8548,32056
4月,1060,31321,3031,35412
5月,8815,67547,3888,80250
6月,23237,68345,17856,109438
7月,43570,33882,110782,188234
8月,39809,17373,64152,121334
9月,18713,9566,6610,34889
10月,6446,13139,1185,20770
11月,2951,23975,1639,28565
12月,15416,62194,9426,87036
Bonaire Sint Eustatius and Saba,196,3210,8190,11596
1月,,0,3595,3595
2月,,0,581,581
3月,,0,958,958
4月,5,1362,1205,2572
5月,1,55,346,402
6月,1,36,314,351
7月,4,58,429,491
8月,4,84,396,484
9月,106,305,115,526
10月,32,339,105,476
11月,9,503,105,617
12月,34,468,41,543
Bosnia and Herzegovina,110985,180328,109385,400698
1月,,10512,56154,66666
2月,,9482,23735,33217
3月,420,38647,4238,43305
4月,1337,28835,1647,31819
5月,753,5551,817,7121
6月,1943,1010,812,3765
7月,7423,633,6260,14316
8月,8088,8198,10874,27160
9月,7505,20922,2900,31327
10月,22621,17983,1213,41817
11月,37811,22307,585,60703
12月,23084,16248,150,39482
Botswana,14805,204704,109512,329021
1月,,6488,33527,40015
2月,,7078,10914,17992
3月,4,11477,41576,53057
4月,19,7086,458,7563
5月,12,8039,2142,10193
6月,192,14707,14643,29542
7月,577,37010,2701,40288
8月,829,50237,394,51460
9月,1539,22293,444,24276
10月,3470,7374,36,10880
11月,4100,8474,289,12863
12月,4063,24441,2388,30892
Brazil,7700828,14485929,13352067,35538824
1月,,1527489,3171691,4699180
2月,2,1349570,3333041,4682613
3月,5715,2205301,1155099,3366115
4月,81470,1911712,496566,2489748
5月,428950,1882784,570802,2882536
6月,916328,2012408,1338980,4267716
7月,1257782,1351850,1475882,4085514
8月,1244378,863050,595953,2703381
9月,902536,522288,242807,1667631
10月,720398,382263,156225,1258886
11月,804202,285518,398850,1488570
12月,1339067,191696,416171,1946934
British Virgin Islands,86,3406,3813,7305
1月,,28,2383,2411
2月,,39,210,249
3月,3,0,56,59
4月,3,41,214,258
5月,2,54,410,466
6月,0,50,176,226
7月,0,2202,190,2392
8月,39,68,160,267
9月,24,74,14,112
10月,0,83,0,83
11月,0,48,0,48
12月,15,719,0,734
Brunei,157,15331,245970,261458
1月,,23,1006,1029
2月,,6,47066,47072
3月,129,26,70870,71025
4月,9,12,7438,7459
5月,3,18,6824,6845
6月,0,18,15226,15244
7月,0,77,41990,42067
8月,3,2375,14355,16733
9月,2,4404,7511,11917
10月,2,6014,9900,15916
11月,2,1928,20265,22195
12月,7,430,3519,3956
Bulgaria,202266,544842,542147,1289255
1月,,16482,204857,221339
2月,,28290,139314,167604
3月,399,95595,47644,143638
4月,1107,61747,17806,80660
5月,1007,14197,8438,23642
6月,2476,3252,7072,12800
7月,6701,3225,34449,44375
8月,4576,30688,36222,71486
9月,4567,46420,16561,67548
10月,32011,100330,19611,151952
11月,92456,92565,8174,193195
12月,56966,52051,1999,111016
Burkina Faso,6707,10925,3999,21631
1月,,3975,2992,6967
2月,,1300,127,1427
3月,261,735,102,1098
4月,384,593,12,989
5月,202,124,34,360
6月,115,45,145,305
7月,144,94,84,322
8月,262,204,0,466
9月,688,466,503,1657
10月,444,550,0,994
11月,386,1207,0,1593
12月,3821,1632,0,5453
Burundi,818,26548,23910,51276
1月,,814,10066,10880
2月,,577,695,1272
3月,2,601,382,985
4月,9,1185,1489,2683
5月,52,795,2036,2883
6月,107,662,624,1393
7月,217,1628,2650,4495
8月,58,4914,3979,8951
9月,63,5734,906,6703
10月,77,2311,277,2665
11月,103,376,548,1027
12月,130,6951,258,7339
Cambodia,378,120115,17783,138276
1月,1,88,862,951
2月,0,354,8921,9275
3月,108,1620,5349,7077
4月,13,10962,626,11601
5月,3,16692,11,16706
6月,16,20291,17,20324
7月,98,26858,510,27466
8月,35,15812,831,16678
9月,3,19596,257,19856
10月,14,5871,114,5999
11月,35,1612,108,1755
12月,52,359,177,588
Cameroon,26277,83090,14626,123993
1月,,3340,7351,10691
2月,,6097,2522,8619
3月,193,11955,304,12452
4月,1639,24581,236,26456
5月,4072,6679,167,10918
6月,6688,1929,121,8738
7月,4663,1206,147,6016
8月,1887,1361,1437,4685
9月,1696,8878,0,10574
10月,955,10196,1977,13128
11月,2652,4295,364,7311
12月,1832,2573,0,4405
Canada,590249,1633486,2260125,4483860
1月,4,192663,849919,1042586
2月,29,87110,228746,315885
3月,10678,120640,187510,318828
4月,46503,239868,283300,569671
5月,34853,156561,118996,310410
6月,12541,32657,78174,123372
7月,12278,15219,130388,157885
8月,12708,69314,110085,192107
9月,32966,124745,84424,242135
10月,75284,91140,89529,255953
11月,145624,78029,63581,287234
12月,206781,425540,35473,667794
Cape Verde,11840,29892,21398,63130
1月,,2230,13963,16193
2月,,1330,191,1521
3月,6,2070,66,2142
4月,115,6412,70,6597
5月,314,6557,302,7173
6月,792,2018,4218,7028
7月,1224,1334,1617,4175
8月,1433,1563,161,3157
9月,2140,2222,54,4416
10月,2769,639,23,3431
11月,1968,155,640,2763
12月,1079,3362,93,4534
Cayman Islands,338,8480,22541,31359
1月,,52,4970,5022
2月,,54,5585,5639
3月,14,56,1233,1303
4月,59,43,1617,1719
5月,68,41,3095,3204
6月,59,30,1853,1942
7月,3,29,1613,1645
8月,2,37,1273,1312
9月,6,160,604,770
10月,29,810,345,1184
11月,34,5424,353,5811
12月,64,1744,0,1808
Central African Republic,4963,7200,3148,15311
1月,,18,1756,1774
2月,,23,306,329
3月,3,157,424,584
4月,47,1250,0,1297
5月,961,680,0,1641
6月,2734,50,0,2784
7月,863,10,115,988
8月,103,4145,98,4346
9月,118,75,51,244
10月,37,147,347,531
11月,47,190,51,288
12月,50,455,0,505
Chad,2113,3590,1945,7648
1月,,1263,1452,2715
2月,,597,100,697
3月,7,560,55,622
4月,66,284,101,451
5月,705,114,6,825
6月,88,20,8,116
7月,70,22,7,99
8月,77,19,106,202
9月,187,46,45,278
10月,283,31,44,358
11月,205,38,19,262
12月,425,596,2,1023
Chile,608973,1197521,3154657,4961151
1月,,118136,359490,477626
2月,2,97516,895035,992553
3月,2842,170913,409917,583672
4月,14858,202707,87695,305260
5月,105848,186101,144310,436259
6月,155843,171556,287752,615151
7月,76274,59869,250853,386996
8月,56059,22904,266876,345839
9月,51265,15589,115885,182739
10月,47265,40784,135879,223928
11月,41487,67703,159824,269014
12月,57230,43743,41141,142114
China,93153,21489,1769050,1883692
1月,9236,3649,4901,17786
2月,69468,616,4675,74759
3月,3814,650,103254,107718
4月,2681,873,583334,586888
5月,642,927,72570,74139
6月,693,1206,4755,6654
7月,1122,1698,17335,20155
8月,1272,2477,50500,54249
9月,949,1663,34753,37365
10月,1381,1535,41545,44461
11月,1101,2152,567411,570664
12月,794,4043,284017,288854
Colombia,1642775,3514665,1159570,6317010
1月,,452109,729821,1181930
2月,,156806,177322,334128
3月,906,154687,20333,175926
4月,5601,453347,7751,466699
5月,22876,546732,10788,580396
6月,68463,834526,71726,974715
7月,197662,544338,90617,832617
8月,319586,123766,33797,477149
9月,214585,48191,7777,270553
10月,244505,45110,2344,291959
11月,242622,67257,2941,312820
12月,325969,87796,4353,418118
Comoros,823,5692,2462,8977
1月,,1903,1317,3220
2月,,845,201,1046
3月,,125,53,178
4月,1,138,19,158
5月,105,47,15,167
6月,197,55,19,271
7月,75,92,176,343
8月,45,40,140,225
9月,56,73,16,145
10月,66,118,291,475
11月,66,242,203,511
12月,212,2014,12,2238
Congo,7107,12982,5286,25375
1月,,780,3616,4396
2月,,933,315,1248
3月,19,861,51,931
4月,201,997,8,1206
5月,391,980,0,1371
6月,476,938,49,1463
7月,2113,590,647,3350
8月,779,402,62,1243
9月,1110,656,0,1766
10月,201,3079,0,3280
11月,484,1647,538,2669
12月,1333,1119,0,2452
Cook Islands,,2,6387,6389
1月,,,0,0
2月,,,8,8
3月,,,1976,1976
4月,,,3045,3045
5月,,1,644,645
6月,,0,99,99
7月,,0,268,268
8月,,0,223,223
9月,,0,124,124
10月,,0,0,0
11月,,0,0,0
12月,,1,0,1
Costa Rica,169321,401235,578358,1148914
1月,,23955,124309,148264
2月,,11065,112063,123128
3月,347,12423,31609,44379
4月,372,34227,13537,48136
5月,337,67995,38964,107296
6月,2403,48952,13896,65251
7月,14361,38876,123441,176678
8月,23467,56912,60341,140720
9月,34473,68459,29273,132205
10月,34211,27513,15107,76831
11月,29667,7141,13039,49847
12月,29683,3717,2779,36179
Cote d'Ivoire,22524,48514,16890,87928
1月,,5909,9714,15623
2月,,4355,765,5120
3月,179,11135,258,11572
4月,1096,2147,189,3432
5月,1558,1256,285,3099
6月,6666,1013,1248,8927
7月,6548,1830,1843,10221
8月,2020,5534,1432,8986
9月,1657,4584,470,6711
10月,992,1044,566,2602
11月,615,427,111,1153
12月,1193,9280,9,10482
Croatia,210837,504408,541854,1257099
1月,,21589,221922,243511
2月,6,10547,117627,128180
3月,861,28659,44382,73902
4月,1209,60551,23283,85043
5月,170,23998,14041,38209
6月,531,3691,12028,16250
7月,2362,3743,38211,44316
8月,5130,10383,26919,42432
9月,6324,30792,18721,55837
10月,32723,65558,14568,112849
11月,79126,137857,6814,223797
12月,82395,107040,3338,192773
Cuba,11863,954141,145560,1111564
1月,,14823,78786,93609
2月,,23093,25072,48165
3月,186,25484,20423,46093
4月,1315,31444,12656,45415
5月,544,35559,2378,38481
6月,296,48727,704,49727
7月,267,193603,2071,195941
8月,1424,268259,2445,272128
9月,1565,224573,647,226785
10月,1290,74573,99,75962
11月,1397,10485,107,11989
12月,3579,3518,172,7269
Curacao,4260,17065,24661,45986
1月,,325,15803,16128
2月,,145,1816,1961
3月,11,3674,1402,5087
4月,5,3791,1895,5691
5月,3,77,1623,1703
6月,4,70,681,755
7月,6,1283,518,1807
8月,39,1674,239,1952
9月,324,1201,66,1591
10月,578,584,99,1261
11月,1409,317,519,2245
12月,1881,3924,0,5805
Cyprus,22346,144481,455275,622102
1月,,8881,89919,98800
2月,,3708,65770,69478
3月,230,11170,108210,119610
4月,613,20097,49494,70204
5月,100,7281,9743,17124
6月,53,3069,14754,17876
7月,88,26374,58194,84656
8月,403,12384,13367,26154
9月,256,4833,11716,16805
10月,2474,3874,11124,17472
11月,6166,10456,15119,31741
12月,11963,32354,7865,52182
Czechia,718661,1760378,2102334,4581373
1月,,266113,640160,906273
2月,,250706,658384,909090
3月,3308,299066,292291,594665
4月,4374,98426,102779,205579
5月,1586,30514,18987,51087
6月,2686,6015,16556,25257
7月,4620,6289,68565,79474
8月,8044,5613,78744,92401
9月,46145,12300,94310,152755
10月,264339,72509,77152,414000
11月,188196,387140,45115,620451
12月,195363,325687,9291,530341
Democratic Republic of Congo,17658,57135,19921,94714
1月,,5113,10586,15699
2月,,3142,639,3781
3月,98,2229,730,3057
4月,474,1711,275,2460
5月,2498,1798,1351,5647
6月,3969,9185,2708,15862
7月,2031,9081,1091,12203
8月,1027,4946,461,6434
9月,562,2074,259,2895
10月,647,533,193,1373
11月,1466,764,1118,3348
12月,4886,16559,510,21955
Denmark,163479,640919,2564944,3369342
1月,,34993,940172,975165
2月,3,12723,1022269,1034995
3月,2857,21409,293935,318201
4月,6298,19951,57882,84131
5月,2511,30673,20241,53425
6月,1099,12450,34870,48419
7月,1021,23130,57900,82051
8月,3196,28886,43539,75621
9月,11013,13103,26329,50445
10月,18353,28987,35060,82400
11月,34130,99618,19106,152854
12月,82998,314996,13641,411635
Djibouti,5831,7825,2034,15690
1月,,101,1808,1909
2月,,134,83,217
3月,30,1936,40,2006
4月,1059,3098,24,4181
5月,2265,433,64,2762
6月,1328,69,15,1412
7月,402,49,0,451
8月,303,99,0,402
9月,29,1061,0,1090
10月,145,667,0,812
11月,118,26,0,144
12月,152,152,0,304
Dominica,88,6760,8946,15794
1月,,29,2218,2247
2月,,25,2076,2101
3月,12,19,751,782
4月,4,13,174,191
5月,0,14,2151,2165
6月,2,5,668,675
7月,0,17,0,17
8月,2,1428,0,1430
9月,10,1843,895,2748
10月,20,1342,13,1375
11月,35,1205,0,1240
12月,3,820,0,823
Dominican Republic,170785,247993,232212,650990
1月,,43275,136467,179742
2月,,25557,19311,44868
3月,1109,13110,3464,17683
4月,5863,13834,1228,20925
5月,10313,26225,4781,41319
6月,15283,32435,21755,69473
7月,37081,16684,22429,76194
8月,25066,8268,10287,43621
9月,17494,8874,5856,32224
10月,14809,22620,2916,40345
11月,16970,25584,3109,45663
12月,26797,11527,609,38933
Ecuador,223578,337313,468761,1029652
1月,,38316,182620,220936
2月,,35327,95722,131049
3月,2240,42600,32130,76970
4月,22694,53107,9806,85607
5月,17277,44175,7586,69038
6月,17334,32467,32600,82401
7月,28923,28868,51463,109254
8月,28412,14371,34623,77406
9月,31233,8434,7810,47477
10月,31145,7085,4257,42487
11月,24493,10478,3097,38068
12月,19827,22085,7047,48959
Egypt,138062,247513,130070,515645
1月,,27889,40336,68225
2月,1,16473,57860,74334
3月,709,19707,21493,41909
4月,4827,25421,10381,40629
5月,19448,35098,0,54546
6月,43326,18632,0,61958
7月,25767,2980,0,28747
8月,4861,4179,0,9040
9月,4259,16083,0,20342
10月,4357,26493,0,30850
11月,8356,27561,0,35917
12月,22151,26997,0,49148
El Salvador,46334,75703,79840,201877
1月,,8724,13164,21888
2月,,5215,21255,26470
3月,32,4545,4688,9265
4月,363,4472,1037,5872
5月,2122,4504,666,7292
6月,3921,5064,6891,15876
7月,10194,7854,21172,39220
8月,9097,7440,10967,27504
9月,3440,10288,0,13728
10月,4749,9074,0,13823
11月,5115,6381,0,11496
12月,7301,2142,0,9443
England,,,,
1月,,,,
2月,,,,
3月,,,,
4月,,,,
5月,,,,
6月,,,,
7月,,,,
8月,,,,
9月,,,,
10月,,,,
11月,,,,
12月,,,,
Equatorial Guinea,5277,8433,3571,17281
1月,,239,2092,2331
2月,,489,82,571
3月,12,909,116,1037
4月,303,780,4,1087
5月,991,835,14,1840
6月,695,205,113,1013
7月,2820,146,689,3655
8月,120,597,233,950
9月,89,2885,56,3030
10月,58,1006,159,1223
11月,65,224,12,301
12月,124,118,1,243
Eritrea,1320,6691,2178,10189
1月,,815,1525,2340
2月,,712,165,877
3月,15,438,27,480
4月,24,386,6,416
5月,0,423,25,448
6月,164,1915,40,2119
7月,76,538,246,860
8月,40,95,109,244
9月,56,80,16,152
10月,88,112,19,219
11月,114,524,0,638
12月,743,653,0,1396
Estonia,27990,213418,369189,610597
1月,,16218,96135,112353
2月,1,21392,156887,178280
3月,744,40824,61874,103442
4月,944,15595,15889,32428
5月,180,7525,4677,12382
6月,120,1520,3244,4884
7月,75,2493,7055,9623
8月,311,8399,11439,20149
9月,996,14301,4155,19452
10月,1534,37712,4640,43886
11月,7403,28615,2664,38682
12月,15682,18824,530,35036
Eswatini,9358,56751,7799,73908
1月,,6353,2258,8611
2月,,1303,793,2096
3月,9,323,611,943
4月,91,1121,872,2084
5月,185,137,1867,2189
6月,527,489,599,1615
7月,1836,6895,171,8902
8月,1929,17392,87,19408
9月,905,2553,23,3481
10月,435,497,168,1100
11月,502,235,212,949
12月,2939,19453,138,22530
Ethiopia,124264,296078,74942,495284
1月,,13386,44816,58202
2月,,21422,3569,24991
3月,26,47517,1031,48574
4月,105,50853,810,51768
5月,1041,14099,2175,17315
6月,4674,4633,15981,25288
7月,11684,4191,3513,19388
8月,34601,27769,953,63323
9月,23237,37540,389,61166
10月,20801,19493,381,40675
11月,13905,6369,618,20892
12月,14190,48806,706,63702
Europe,23923621,65173405,153041713,242138739
1月,17,6661504,38643950,45305471
2月,1479,4065393,29725869,33792741
3月,453577,5629699,23234742,29318018
4月,932318,5048311,12303661,18284290
5月,604180,2398022,5685041,8687243
6月,454380,1373599,7064936,8892915
7月,461822,3542224,11673999,15678045
8月,767087,3866711,6170360,10804158
9月,1448143,3722347,5797884,10968374
10月,4860325,5544630,6962392,17367347
11月,7424492,9237519,3881825,20543836
12月,6515801,14083446,1897054,22496301
European Union,15667285,41059141,123286568,180012994
1月,13,4200623,31261747,35462383
2月,1382,2938293,21154911,24094586
3月,386182,4419377,18354445,23160004
4月,632054,4014800,10827347,15474201
5月,173347,1799362,5169206,7141915
6月,122228,538390,6368287,7028905
7月,173147,1649506,10488311,12310964
8月,473533,1979616,4621631,7074780
9月,997491,1529671,3887599,6414761
10月,3457327,2372471,5988227,11818025
11月,5270084,5956293,3444233,14670610
12月,3980497,9660739,1720624,15361860
Faeroe Islands,610,5154,28894,34658
1月,,44,13861,13905
2月,,4,14612,14616
3月,169,3,421,593
4月,18,3,0,21
5月,0,54,0,54
6月,0,58,0,58
7月,38,207,0,245
8月,186,18,0,204
9月,56,177,0,233
10月,28,967,0,995
11月,8,1481,0,1489
12月,107,2138,0,2245
Falkland Islands,29,56,1847,1932
1月,,12,6,18
2月,,13,21,34
3月,,0,13,13
4月,13,9,54,76
5月,0,0,1510,1510
6月,0,0,128,128
7月,0,0,20,20
8月,0,3,51,54
9月,0,1,44,45
10月,0,4,0,4
11月,3,10,0,13
12月,13,4,0,17
Fiji,49,53283,15221,68553
1月,,6,9523,9529
2月,,4,1075,1079
3月,5,8,474,487
4月,13,50,230,293
5月,0,321,373,694
6月,0,3980,706,4686
7月,9,25363,1836,27208
8月,1,16935,604,17540
9月,4,4307,89,4400
10月,2,1118,22,1142
11月,8,365,111,484
12月,7,826,178,1011
Finland,36422,234407,1147080,1417909
1月,1,9124,219041,228166
2月,7,12549,147887,160443
3月,1664,19948,245919,267531
4月,3664,9088,139337,152089
5月,1638,5584,69180,76402
6月,285,3294,53417,56996
7月,208,11449,25424,37081
8月,735,20517,87764,109016
9月,2037,14135,34142,50314
10月,6205,17314,55797,79316
11月,9077,28966,45517,83560
12月,10901,82439,23655,116995
France,2735590,7706191,28568029,39009810
1月,5,577182,9178378,9755565
2月,95,559352,3559127,4118574
3月,52129,888803,2912650,3853582
4月,140289,972456,3031191,4143936
5月,22550,399809,903810,1326169
6月,17547,108355,1571049,1696951
7月,22991,352170,2703848,3079009
8月,93408,624267,743053,1460728
9月,283439,263713,862069,1409221
10月,803091,153595,1422260,2378946
11月,901776,508751,1010902,2421429
12月,398270,2297738,669692,3365700
French Polynesia,16926,29465,31264,77655
1月,,1134,1884,3018
2月,,327,18433,18760
3月,36,240,5496,5772
4月,22,131,525,678
5月,2,112,231,345
6月,2,137,317,456
7月,0,1041,1989,3030
8月,511,20130,1202,21843
9月,1279,0,140,1419
10月,5410,5372,159,10941
11月,7110,68,227,7405
12月,2554,773,661,3988
Gabon,9571,32227,7175,48973
1月,,1177,5127,6304
2月,,3816,618,4434
3月,16,4986,41,5043
4月,260,3525,18,3803
5月,2379,1354,48,3781
6月,2739,555,289,3583
7月,1958,400,572,2930
8月,1181,504,138,1823
9月,233,4267,42,4542
10月,202,5370,254,5826
11月,246,1817,28,2091
12月,357,4456,0,4813
Gambia,3897,6373,2416,12686
1月,,293,1672,1965
2月,,622,97,719
3月,4,747,49,800
4月,7,439,7,453
5月,14,95,7,116
6月,24,86,0,110
7月,449,1630,76,2155
8月,2565,1989,233,4787
9月,616,236,197,1049
10月,93,31,72,196
11月,70,24,6,100
12月,55,181,0,236
Georgia,227420,707321,872913,1807654
1月,,30691,241182,271873
2月,1,12647,429549,442197
3月,109,11003,42792,53904
4月,429,28549,6834,35812
5月,244,33653,2056,35953
6月,145,22115,3275,25535
7月,240,53456,25789,79485
8月,319,130277,49464,180060
9月,4705,63201,45009,112915
10月,32744,106235,0,138979
11月,96648,126396,25007,248051
12月,91836,89098,1956,182890
Germany,1719737,5430685,29662308,36812730
1月,5,496626,2665111,3161742
2月,61,225973,4929574,5155608
3月,61847,366537,6611988,7040372
4月,97206,572724,3452746,4122676
5月,22363,299529,1551168,1873060
6月,12777,47015,1933007,1992799
7月,14439,41024,2560215,2615678
8月,33683,173691,1330381,1537755
9月,46838,284645,1201676,1533159
10月,229534,370049,2233458,2833041
11月,535116,1239263,879913,2654292
12月,665868,1313609,313071,2292548
Ghana,54771,88215,28037,171023
1月,,12239,13934,26173
2月,,17013,2754,19767
3月,161,6560,1297,8018
4月,1913,1979,202,4094
5月,5996,1336,197,7529
6月,9671,2016,4763,16450
7月,17760,7105,1874,26739
8月,8797,16417,573,25787
9月,2328,8046,520,10894
10月,1429,2595,1607,5631
11月,3612,843,302,4757
12月,3104,12066,14,15184
Gibraltar,2041,6670,11519,20230
1月,,2074,4249,6323
2月,,125,2478,2603
3月,69,35,1505,1609
4月,75,17,917,1009
5月,27,13,582,622
6月,7,53,1214,1274
7月,10,617,269,896
8月,101,389,147,637
9月,108,195,46,349
10月,301,443,26,770
11月,323,1256,63,1642
12月,1020,1453,23,2496
Greece,138850,1072003,4237847,5448700
1月,,18107,729870,747977
2月,4,34143,480941,515088
3月,1152,72589,608765,682506
4月,1435,81344,293493,376272
5月,326,57273,129307,186906
6月,492,20150,223273,243915
7月,1068,70848,672921,744837
8月,5840,94660,413404,513904
9月,8158,67803,157365,233326
10月,20776,86403,215008,322187
11月,66020,196733,269490,532243
12月,33579,271950,44010,349539
Greenland,27,2585,9360,11972
1月,,4,8096,8100
2月,,0,1018,1018
3月,10,1,246,257
4月,1,0,0,1
5月,2,9,0,11
6月,0,10,0,10
7月,1,69,0,70
8月,0,215,0,215
9月,0,242,0,242
10月,3,223,0,226
11月,1,657,0,658
12月,9,1155,0,1164
Grenada,127,6054,13472,19653
1月,,21,6155,6176
2月,,0,1371,1371
3月,9,7,322,338
4月,11,5,617,633
5月,3,1,3121,3125
6月,0,0,607,607
7月,1,3,429,433
8月,0,297,503,800
9月,0,4734,247,4981
10月,4,645,55,704
11月,13,57,40,110
12月,86,284,5,375
Guam,,,,
1月,,,,
2月,,,,
3月,,,,
4月,,,,
5月,,,,
6月,,,,
7月,,,,
8月,,,,
9月,,,,
10月,,,,
11月,,,,
12月,,,,
Guatemala,138012,490347,543790,1172149
1月,,21492,61931,83423
2月,,15038,86701,101739
3月,38,19292,51883,71213
4月,561,33837,17672,52070
5月,4488,26746,14456,45690
6月,13009,39166,49712,101887
7月,31693,74901,131662,238256
8月,24285,101793,59578,185656
9月,17672,90038,22513,130223
10月,16193,41257,16032,73482
11月,14123,16412,15969,46504
12月,15950,10375,15681,42006
Guernsey,,,,
1月,,,,
2月,,,,
3月,,,,
4月,,,,
5月,,,,
6月,,,,
7月,,,,
8月,,,,
9月,,,,
10月,,,,
11月,,,,
12月,,,,
Guinea,13722,18329,6102,38153
1月,,824,4115,4939
2月,,1446,231,1677
3月,22,3916,62,4000
4月,1473,2307,90,3870
5月,2211,962,215,3388
6月,1685,593,53,2331
7月,1917,1918,591,4426
8月,2101,3813,62,5976
9月,1243,910,182,2335
10月,1420,242,395,2057
11月,1047,117,106,1270
12月,603,1281,0,1884
Guinea-Bissau,2452,4032,2364,8848
1月,,182,1102,1284
2月,,628,415,1043
3月,8,388,148,544
4月,197,84,53,334
5月,1051,32,67,1150
6月,398,93,79,570
7月,327,620,64,1011
8月,224,1320,79,1623
9月,119,308,305,732
10月,89,27,52,168
11月,28,306,0,334
12月,11,44,0,55
Guyana,6347,33241,32184,71772
1月,,1309,20316,21625
2月,,944,3032,3976
3月,27,1664,332,2023
4月,70,3034,220,3324
5月,71,3669,1290,5030
6月,92,3103,2632,5827
7月,168,2468,2412,5048
8月,893,3025,1228,5146
9月,1588,6279,305,8172
10月,1268,3721,97,5086
11月,1244,2326,183,3753
12月,926,1699,137,2762
Haiti,9999,16170,7740,33909
1月,,1673,3308,4981
2月,,859,873,1732
3月,15,285,213,513
4月,61,333,140,534
5月,1508,1974,224,3706
6月,4263,3721,785,8769
7月,1531,1482,728,3741
8月,831,721,1146,2698
9月,531,1126,182,1839
10月,314,1918,78,2310
11月,218,1260,35,1513
12月,727,818,28,1573
High income,42111236,95876627,270785025,408772888
1月,102,12686124,63667677,76353903
2月,5231,6297002,36327520,42629753
3月,680377,7041244,38453321,46174942
4月,1840157,6917026,20817728,29574911
5月,1303107,3697609,14329062,19329778
6月,1438819,1886905,14750065,18075789
7月,2481852,4560396,23437488,30479736
8月,2303399,8340162,20104961,30748522
9月,2692675,7524961,11702734,21920370
10月,6374786,6567948,11435352,24378086
11月,10876161,10221141,10557669,31654971
12月,12114570,20136109,5201448,37452127
Honduras,121847,257575,81312,460734
1月,,26016,12472,38488
2月,,22461,19338,41799
3月,141,18739,9850,28730
4月,630,23290,2117,26037
5月,4451,25894,2192,32537
6月,14356,24533,1984,40873
7月,22456,34351,12546,69353
8月,19000,41646,13542,74188
9月,15886,27237,2948,46071
10月,19988,9387,597,29972
11月,11365,2478,1035,14878
12月,13574,1543,2691,17808
Hong Kong,8846,3827,2249077,2261750
1月,12,1606,1548,3166
2月,83,553,261547,262183
3月,585,462,881671,882718
4月,357,307,46795,47459
5月,47,67,8489,8603
6月,121,82,33098,33301
7月,2067,61,108197,110325
8月,1538,128,186809,188475
9月,277,106,224601,224984
10月,236,152,153304,153692
11月,991,90,199537,200618
12月,2532,213,143481,146226
Hungary,322514,933901,914641,2171056
1月,,45072,296990,342062
2月,,61013,234139,295152
3月,492,223834,64327,288653
4月,2283,126915,49146,178344
5月,1101,25190,16760,43051
6月,279,3590,10348,14217
7月,350,1363,37356,39069
8月,1634,2846,83066,87546
9月,20322,10368,45595,76285
10月,48860,40714,47371,136945
11月,141801,239689,24839,406329
12月,105392,153307,4704,263403
Iceland,5754,21306,180315,207375
1月,,248,40614,40862
2月,1,48,62171,62220
3月,1134,156,51547,52837
4月,662,267,4461,5390
5月,9,104,2712,2825
6月,18,73,5696,5787
7月,61,1310,8170,9541
8月,222,2830,2560,5612
9月,621,1012,920,2553
10月,2137,1691,719,4547
11月,527,4402,745,5674
12月,362,9165,0,9527
India,10286709,24574870,9816677,44678256
1月,1,470901,6607920,7078822
2月,2,354631,1461546,1816179
3月,1394,1109424,94730,1205548
4月,33466,6943304,53413,7030183
5月,155746,9010075,81644,9247465
6月,394872,2236590,308402,2939864
7月,1110507,1244190,567041,2921738
8月,1995178,1155021,400064,3550263
9月,2621418,955862,154773,3732053
10月,1871498,519107,63685,2454290
11月,1278727,310962,21004,1610693
12月,823900,264803,2455,1091158
Indonesia,743198,3519522,2437295,6700015
1月,,335116,90650,425766
2月,,256320,1211078,1467398
3月,1528,177078,448370,626976
4月,8590,156656,33978,199224
5月,16355,153335,8177,177867
6月,29912,356569,33487,419968
7月,51991,1231386,118638,1402015
8月,66420,680143,151710,898273
9月,112212,125303,72816,310331
10月,123080,29254,61455,213789
11月,128795,12051,171765,312611
12月,204315,6311,35171,245797
International,721,0,0,721
1月,,0,0,0
2月,705,0,0,705
3月,9,0,0,9
4月,7,0,0,7
5月,0,0,0,0
6月,0,0,0,0
7月,0,0,0,0
8月,0,0,0,0
9月,0,0,0,0
10月,0,0,0,0
11月,0,0,0,0
12月,0,0,0,0
Iran,1225142,4969259,1365816,7560217
1月,,192857,178773,371630
2月,593,213170,678255,892018
3月,44012,254395,110791,409198
4月,50035,613513,59433,722981
5月,56826,414059,10381,481266
6月,76196,291421,6092,373709
7月,76542,666451,152900,895893
8月,71008,1121055,137935,1329998
9月,82007,594977,19687,696671
10月,155553,337598,9002,502153
11月,349298,192807,2056,544161
12月,263072,76956,511,340539
Iraq,595291,1498449,370635,2464375
1月,,24345,116842,141187
2月,13,75853,92211,168077
3月,681,155435,16757,172873
4月,1391,214275,5542,221208
5月,4354,136153,3062,143569
6月,42670,144552,20508,207730
7月,75500,280695,96136,452331
8月,110325,261551,13073,384949
9月,128047,115153,2111,245311
10月,109649,51945,1502,163096
11月,79919,25924,2240,108083
12月,42742,12568,651,55961
Ireland,91779,699686,899382,1690847
1月,,104768,394449,499217
2月,1,23045,122946,145992
3月,3234,16262,159003,178499
4月,17377,13016,57687,88080
5月,4378,13173,44520,62071
6月,483,9888,38982,49353
7月,592,29068,43552,73212
8月,2746,51471,12790,67007
9月,7344,40368,6697,54409
10月,25301,55662,8666,89629
11月,11088,124521,8229,143838
12月,19235,218444,1861,239540
Isle of Man,377,13264,24367,38008
1月,,57,7926,7983
2月,,50,1277,1327
3月,60,1085,5744,6889
4月,255,18,3617,3890
5月,21,5,761,787
6月,0,21,3497,3518
7月,0,2720,1233,3953
8月,0,2343,312,2655
9月,4,906,0,910
10月,13,2109,0,2122
11月,16,1648,0,1664
12月,8,2302,0,2310
Israel,423290,961872,3355475,4740637
1月,,220173,1516637,1736810
2月,6,132372,733934,866312
3月,5739,57298,283722,346759
4月,10179,5429,157879,173487
5月,1183,994,62411,64588
6月,8359,2302,214518,225179
7月,46296,32241,229023,307560
8月,45172,192334,51361,288867
9月,130505,215866,29153,375524
10月,66938,45240,21881,134059
11月,22842,17351,37959,78152
12月,86071,40272,16997,143340
Italy,2107314,4018517,18583721,24709552
1月,2,445866,4857433,5303301
2月,1126,372233,1799720,2173079
3月,104664,659634,1859518,2623816
4月,99671,437754,1820846,2358271
5月,27534,195168,958210,1180912
6月,7729,42088,1101701,1151518
7月,6959,90119,2516914,2613992
8月,21677,189963,827732,1039372
9月,45647,132364,599521,777532
10月,364569,99610,1063745,1527924
11月,922124,256582,729637,1908343
12月,505612,1097136,448744,2051492
Jamaica,12827,81093,58749,152669
1月,,2826,30592,33418
2月,,7610,3474,11084
3月,36,15974,771,16781
4月,386,6341,1221,7948
5月,164,2979,7288,10431
6月,116,1567,5538,7221
7月,176,2771,3568,6515
8月,1581,15236,3426,20243
9月,4023,15606,2031,21660
10月,2612,5277,102,7991
11月,1669,2235,586,4490
12月,2064,2671,152,4887
Japan,235747,1497558,24420994,26154299
1月,13,154991,1010419,1165423
2月,230,41896,2269182,2311308
3月,2010,42450,1552111,1596571
4月,12029,117685,1318130,1447844
5月,2457,153716,970306,1126479
6月,1864,53096,478847,533807
7月,17651,127021,3463080,3607752
8月,32129,567768,6171466,6771363
9月,15194,210700,2327073,2552967
10月,17744,17271,1030671,1065686
11月,47501,4455,2490716,2542672
12月,86925,6509,1338993,1432427
Jersey,,,,
1月,,,,
2月,,,,
3月,,,,
4月,,,,
5月,,,,
6月,,,,
7月,,,,
8月,,,,
9月,,,,
10月,,,,
11月,,,,
12月,,,,
Jordan,294604,768911,683592,1747107
1月,,32361,161904,194265
2月,,64235,406399,470634
3月,274,220487,60777,281538
4月,179,99796,3260,103235
5月,286,25161,1192,26639
6月,393,14870,2260,17523
7月,171,19308,10682,30161
8月,841,26414,25616,52871
9月,9791,26793,11502,48086
10月,60782,38622,0,99404
11月,146823,91402,0,238225
12月,75064,109462,0,184526
Kazakhstan,201196,930697,416812,1548705
1月,,34648,252775,287423
2月,,26871,65377,92248
3月,343,34757,3132,38232
4月,3059,78067,691,81817
5月,7456,67396,374,75226
6月,11450,39751,982,52183
7月,68059,210158,44900,323117
8月,40306,230112,38669,309087
9月,10034,99261,5215,114510
10月,8992,57422,1323,67737
11月,24864,34708,703,60275
12月,26633,17546,2671,46850
Kenya,96458,198570,47092,342120
1月,,4315,26353,30668
2月,,5200,1565,6765
3月,59,28085,477,28621
4月,337,25260,350,25947
5月,1566,11417,1203,14186
6月,4404,13426,8718,26548
7月,14270,19052,3928,37250
8月,13565,32650,561,46776
9月,4328,13571,251,18150
10月,16663,3876,713,21252
11月,28426,1778,2489,32693
12月,12840,39940,484,53264
Kiribati,,2,3432,3434
1月,,,458,458
2月,,,2454,2454
3月,,,156,156
4月,,,15,15
5月,,2,17,19
6月,,0,138,138
7月,,0,194,194
8月,,0,0,0
9月,,0,0,0
10月,,0,0,0
11月,,0,0,0
12月,,0,0,0
Kosovo,51144,110340,110735,272219
1月,,9074,44454,53528
2月,,8233,20310,28543
3月,106,20730,1223,22059
4月,693,14457,602,15752
5月,271,3364,286,3921
6月,1729,756,840,3325
7月,5531,607,25031,31169
8月,5124,36621,17246,58991
9月,2166,15086,591,17843
10月,3708,690,94,4492
11月,20268,329,48,20645
12月,11548,393,10,11951
Kuwait,150584,266551,245612,662747
1月,,14673,128582,143255
2月,45,25595,74177,99817
3月,244,41251,9084,50579
4月,3735,41888,2431,48054
5月,23019,35231,1816,60066
6月,19152,47465,9779,76396
7月,20762,41144,10726,72632
8月,18152,12029,3665,33846
9月,20073,1795,1125,22993
10月,20744,1023,3553,25320
11月,16709,684,599,17992
12月,7949,3773,75,11797
Kyrgyzstan,81034,103655,21864,206553
1月,,3554,13627,17181
2月,,1663,2211,3874
3月,107,2287,408,2802
4月,639,6737,57,7433
5月,1002,9454,1,10457
6月,3758,20274,60,24092
7月,30299,37889,1632,69820
8月,8093,12842,3031,23966
9月,2771,2798,367,5936
10月,12209,2727,369,15305
11月,14300,2092,78,16470
12月,7856,1338,23,9217
Laos,41,111019,106179,217239
1月,,3,22793,22796
2月,,1,8890,8891
3月,9,4,34155,34168
4月,10,708,30571,31289
5月,0,1155,2520,3675
6月,0,209,305,514
7月,1,4178,947,5126
8月,2,8716,2800,11518
9月,1,8831,1821,10653
10月,1,16425,383,16809
11月,15,33467,501,33983
12月,2,37322,493,37817
Latvia,40904,235770,691853,968527
1月,,25337,116090,141427
2月,,19945,260356,280301
3月,398,16177,145775,162350
4月,460,16195,23118,39773
5月,208,14641,6601,21450
6月,52,4230,7183,11465
7月,113,1434,25927,27474
8月,165,3774,37409,41348
9月,428,15654,31121,47203
10月,4070,60848,21845,86763
11月,11181,34520,11352,57053
12月,23829,23015,5076,51920
Lebanon,181503,546427,493252,1221182
1月,,119549,193278,312827
2月,4,73998,147502,221504
3月,466,93350,23447,117263
4月,255,58178,4798,63231
5月,495,13810,2244,16549
6月,558,4478,13000,18036
7月,2777,16514,61672,80963
8月,12753,40886,35607,89246
9月,22326,21964,6327,50617
10月,41594,17794,2974,62362
11月,46716,28632,1781,77129
12月,53559,57274,622,111455
Lesotho,3094,25314,6082,34490
1月,,5570,3768,9338
2月,,1827,436,2263
3月,,215,298,513
4月,,25,105,130
5月,2,100,343,445
6月,25,513,580,1118
7月,577,1564,102,2243
8月,481,1487,166,2134
9月,510,0,284,794
10月,358,7240,0,7598
11月,156,144,0,300
12月,985,6629,0,7614
Liberia,1803,4601,1759,8163
1月,,139,994,1133
2月,,71,112,183
3月,6,43,16,65
4月,138,46,34,218
5月,139,80,22,241
6月,490,1721,41,2252
7月,411,1504,41,1956
8月,122,190,345,657
9月,36,328,78,442
10月,87,13,35,135
11月,172,12,26,210
12月,202,454,15,671
Libya,100277,288457,118366,507100
1月,,18354,40932,59286
2月,,14707,64780,79487
3月,10,25619,7259,32888
4月,51,18551,199,18801
5月,95,8268,112,8475
6月,668,7698,122,8488
7月,2797,55640,1473,59910
8月,10345,59858,3179,73382
9月,20559,31112,204,51875
10月,26570,17254,57,43881
11月,21714,15298,33,37045
12月,17468,16098,16,33582
Liechtenstein,2225,3910,14963,21098
1月,,344,2797,3141
2月,,83,3073,3156
3月,69,105,4377,4551
4月,14,268,807,1089
5月,0,82,284,366
6月,4,28,434,466
7月,6,56,775,837
8月,19,204,483,706
9月,12,166,552,730
10月,456,105,913,1474
11月,736,1016,309,2061
12月,909,1453,159,2521
Lithuania,145052,379375,756557,1280984
1月,,39396,180731,220127
2月,,14715,260715,275430
3月,353,16958,144930,162241
4月,958,31337,39190,71485
5月,295,27300,5280,32875
6月,142,4396,6232,10770
7月,268,4044,22276,26588
8月,849,16263,34905,52017
9月,1894,33092,31831,66817
10月,10940,78256,17888,107084
11月,46799,62908,8030,117737
12月,82554,50710,4549,137813
Low income,403391,1408627,449819,2261837
1月,,124609,261808,386417
2月,5,101086,43030,144121
3月,946,104455,15230,120631
4月,7437,103047,8536,119020
5月,34050,53355,11946,99351
6月,44762,183602,34983,263347
7月,46413,203114,23533,273060
8月,65421,153398,20735,239554
9月,46570,87386,12504,146460
10月,40793,47596,6927,95316
11月,44861,26007,7410,78278
12月,72133,220972,3177,296282
Lower middle income,17290937,48800786,30240540,96332263
1月,7,1853962,10386226,12240195
2月,622,1380618,6445095,7826335
3月,56929,2565020,7200293,9822242
4月,159939,9175048,1396442,10731429
5月,430479,10690595,237987,11359061
6月,961865,3810830,601136,5373831
7月,1754724,4814934,1409787,7979445
8月,2658224,5135862,1163415,8957501
9月,3325246,3630731,596019,7551996
10月,2903021,2350896,388877,5642794
11月,2778502,1753938,318521,4850961
12月,2261379,1638352,96742,3996473
Luxembourg,47763,57351,205034,310148
1月,,3973,54219,58192
2月,1,4722,25192,29915
3月,2177,6532,32654,41363
4月,1606,5563,22025,29194
5月,234,2727,10079,13040
6月,281,855,15452,16588
7月,2396,3083,18865,24344
8月,1278,1890,4575,7743
9月,1884,2459,4931,9274
10月,8625,3464,10463,22552
11月,17544,7498,4622,29664
12月,11737,14585,1957,28279
Macao,45,33,961,1039
1月,6,1,0,7
2月,3,1,2,6
3月,31,0,1,32
4月,4,1,0,5
5月,0,2,1,3
6月,1,3,181,185
7月,0,5,527,532
8月,0,4,2,6
9月,0,8,0,8
10月,0,6,0,6
11月,0,0,13,13
12月,0,2,234,236
Madagascar,17721,32565,17342,67628
1月,,1351,9040,10391
2月,,766,4340,5106
3月,57,4595,350,5002
4月,71,12588,143,12802
5月,650,4328,225,5203
6月,1443,874,1004,3321
7月,8654,447,1110,10211
8月,3995,206,135,4336
9月,1545,29,50,1624
10月,703,728,73,1504
11月,230,704,510,1444
12月,373,5949,362,6684
Malawi,6583,68492,13197,88272
1月,,17380,9400,26780
2月,,7982,864,8846
3月,,1606,301,1907
4月,37,527,141,705
5月,247,260,204,711
6月,940,1788,521,3249
7月,2854,16221,904,19979
8月,1488,8147,450,10085
9月,207,1086,168,1461
10月,157,216,45,418
11月,98,120,65,283
12月,555,13159,134,13848
Malaysia,113010,2645076,2253465,5011551
1月,8,101949,112672,214629
2月,21,85793,571978,657792
3月,2737,44748,759183,806668
4月,3236,63213,246085,312534
5月,1817,163644,58506,223967
6月,820,179622,59545,239987
7月,337,361293,113998,475628
8月,364,632982,102571,735917
9月,1884,499441,58255,559580
10月,20324,225947,62193,308464
11月,34149,161140,89204,284493
12月,47313,125304,19275,191892
Maldives,13757,81943,89951,185651
1月,,2084,43180,45264
2月,,3952,31312,35264
3月,18,4286,6808,11112
4月,450,5756,2171,8377
5月,1305,34561,582,36448
6月,588,9402,1833,11823
7月,1432,3634,2716,7782
8月,4011,3680,554,8245
9月,2487,3697,186,6370
10月,1368,2829,322,4519
11月,1352,4012,254,5618
12月,746,4050,33,4829
Mali,7090,13918,11756,32764
1月,,1001,9044,10045
2月,,285,329,614
3月,28,1666,103,1797
4月,462,3816,349,4627
5月,775,409,264,1448
6月,916,159,68,1143
7月,354,158,63,575
8月,241,305,184,730
9月,342,330,1226,1898
10月,436,854,95,1385
11月,1156,1361,27,2544
12月,2380,3574,4,5958
Malta,12816,39699,63508,116023
1月,,5129,15244,20373
2月,,4579,3558,8137
3月,169,6551,8264,14984
4月,296,1259,12202,13757
5月,153,243,3001,3397
6月,52,88,8390,8530
7月,154,3672,9696,13522
8月,1101,1876,1222,4199
9月,1175,978,642,2795
10月,2984,504,657,4145
11月,3831,1782,469,6082
12月,2901,13038,163,16102
Marshall Islands,5,0,15543,15548
1月,,0,3,3
2月,,0,0,0
3月,,0,0,0
4月,,0,10,10
5月,,0,0,0
6月,,0,1,1
7月,,0,46,46
8月,,0,14978,14978
9月,,0,263,263
10月,2,0,84,86
11月,3,0,152,155
12月,0,0,6,6
Mauritania,14364,27109,21980,63453
1月,,2271,16770,19041
2月,,572,390,962
3月,6,640,36,682
4月,2,555,50,607
5月,522,1145,453,2120
6月,3833,1261,673,5767
7月,1947,4883,2758,9588
8月,738,7889,193,8820
9月,454,2450,50,2954
10月,201,1290,549,2040
11月,898,1946,56,2900
12月,5763,2207,2,7972
Mauritius,527,68095,216514,285136
1月,,41,37455,37496
2月,,42,61709,61751
3月,125,353,42699,43177
4月,207,243,10001,10451
5月,3,205,5518,5726
6月,6,487,5174,5667
7月,3,2316,13814,16133
8月,11,6462,11602,18075
9月,26,5019,6196,11241
10月,60,7157,2653,9870
11月,63,32782,11155,44000
12月,23,12988,8538,21549
Mexico,1426094,2553629,3185817,7165540
1月,,438166,962867,1401033
2月,4,222678,566039,788721
3月,1211,151949,150906,304066
4月,18009,105868,80145,204022
5月,71440,68987,36697,177124
6月,135425,105527,258625,499577
7月,198548,328983,677245,1204776
8月,174923,504158,302663,981744
9月,143656,311813,74840,530309
10月,181746,142988,21895,346629
11月,188581,77355,14679,280615
12月,312551,95157,39216,446924
Micronesia (country),,1,22727,22728
1月,,1,0,1
2月,,0,0,0
3月,,0,0,0
4月,,0,4,4
5月,,0,25,25
6月,,0,8,8
7月,,0,4283,4283
8月,,0,3531,3531
9月,,0,3487,3487
10月,,0,11389,11389
11月,,0,0,0
12月,,0,0,0
Moldova,144818,231337,219247,595402
1月,,14986,64543,79529
2月,,25649,61102,86751
3月,353,44788,11642,56783
4月,3544,20596,3544,27684
5月,4354,4349,1807,10510
6月,8362,1548,1528,11438
7月,8120,2744,11866,22730
8月,12187,8048,42865,63100
9月,16122,26866,14385,57373
10月,22998,43376,3809,70183
11月,31324,26006,1827,59157
12月,37454,12381,329,50164
Monaco,887,4110,10814,15811
1月,,614,3198,3812
2月,1,467,1176,1644
3月,51,332,1399,1782
4月,43,166,1012,1221
5月,4,50,532,586
6月,4,73,790,867
7月,17,312,1053,1382
8月,34,312,320,666
9月,76,113,243,432
10月,141,100,341,582
11月,250,324,479,1053
12月,266,1247,271,1784
Mongolia,1195,691426,302875,995496
1月,,584,149227,149811
2月,,1128,66309,67437
3月,12,5540,11031,16583
4月,26,27532,1593,29151
5月,141,22460,5709,28310
6月,41,57039,3513,60593
7月,71,49669,15104,64844
8月,10,48868,35270,84148
9月,12,168482,3904,172398
10月,27,208303,1959,210289
11月,444,77602,7944,85990
12月,411,24219,1312,25942
Montenegro,48247,121787,114103,284137
1月,,13412,49741,63153
2月,,14175,10432,24607
3月,109,15384,2895,18388
4月,213,6171,2126,8510
5月,2,2234,1995,4231
6月,224,629,2999,3852
7月,2525,1675,19127,23327
8月,1762,13458,16189,31409
9月,5937,16114,4644,26695
10月,7569,12815,2582,22966
11月,16924,13062,955,30941
12月,12982,12658,418,26058
Montserrat,13,33,1357,1403
1月,,0,117,117
2月,,7,1,8
3月,5,0,11,16
4月,6,0,66,72
5月,0,0,739,739
6月,0,0,38,38
7月,1,1,36,38
8月,1,8,91,100
9月,0,5,258,263
10月,0,7,0,7
11月,0,3,0,3
12月,0,2,0,2
Morocco,439193,523899,307087,1270179
1月,,31964,169624,201588
2月,,12497,28259,40756
3月,617,12443,2299,15359
4月,3806,15152,1679,20637
5月,3384,7967,3350,14701
6月,4726,12145,48606,65477
7月,11789,92167,44069,148025
8月,38268,237420,3457,279145
9月,61063,72123,510,133696
10月,95431,13074,656,109161
11月,137252,3772,3222,144246
12月,82857,13175,1356,97388
Mozambique,18642,170454,41736,230832
1月,,20012,34747,54759
2月,,20696,1220,21916
3月,8,8229,209,8446
4月,68,2338,128,2534
5月,178,894,370,1442
6月,635,5609,2165,8409
7月,975,45624,1661,48260
8月,2052,24288,496,26836
9月,4812,4407,236,9455
10月,4141,569,163,4873
11月,2832,256,149,3237
12月,2941,37532,192,40665
Myanmar,124630,406204,102628,633462
1月,,15515,4698,20213
2月,,1751,52359,54110
3月,15,538,23696,24249
4月,136,383,1296,1815
5月,73,812,453,1338
6月,75,13648,260,13983
7月,54,141908,496,142458
8月,529,100097,1129,101755
9月,12491,64794,7581,84866
10月,39333,35997,8914,84244
11月,38007,22329,1529,61865
12月,33917,8432,217,42566
Namibia,23941,124033,23214,171188
1月,,10003,7925,17928
2月,,4901,1326,6227
3月,11,5294,421,5726
4月,5,4212,1003,5220
5月,8,7198,7714,14920
6月,181,34368,2816,37365
7月,1924,29005,74,31003
8月,5421,6124,0,11545
9月,3715,2543,0,6258
10月,1670,1338,1897,4905
11月,1445,260,38,1743
12月,9561,18787,0,28348
Nauru,,,4621,4621
1月,,,,
2月,,,,
3月,,,,
4月,,,3,3
5月,,,0,0
6月,,,3391,3391
7月,,,1013,1013
8月,,,203,203
9月,,,1,1
10月,,,0,0
11月,,,10,10
12月,,,0,0
Nepal,260594,567838,172508,1000940
1月,1,10366,125482,135849
2月,0,3184,23071,26255
3月,4,3166,1442,4612
4月,52,45878,384,46314
5月,1516,238115,330,239961
6月,11992,77503,554,90049
7月,6207,56584,6902,69693
8月,19689,67258,10750,97697
9月,38357,32414,2396,73167
10月,92926,17509,814,111249
11月,62709,8796,333,71838
12月,27141,7065,50,34256
Netherlands,806620,2346892,5407631,8561143
1月,,176896,1394075,1570971
2月,10,110993,1823600,1934603
3月,13610,188081,1497814,1699505
4月,26246,221747,189763,437756
5月,6756,149857,37458,194071
6月,3790,34249,98440,136479
7月,4448,182142,147281,333871
8月,16745,77016,55082,148843
9月,53159,61445,44577,159181
10月,235923,135194,81021,452138
11月,167902,522039,30196,720137
12月,278031,487233,8324,773588
New Caledonia,39,12788,64774,77601
1月,,9,7660,7669
2月,,11,33691,33702
3月,16,63,6214,6293
4月,3,3,262,268
5月,1,4,1540,1545
6月,2,1,2144,2147
7月,1,5,5459,5465
8月,1,2,4643,4646
9月,4,7292,186,7482
10月,1,3540,118,3659
11月,5,1191,1781,2977
12月,5,667,1076,1748
New Zealand,2164,11959,2005765,2019888
1月,,144,2502,2646
2月,1,74,102192,102267
3月,646,123,553907,554676
4月,833,112,263986,264931
5月,26,61,234119,234206
6月,24,69,174987,175080
7月,34,131,276152,276317
8月,190,696,121150,122036
9月,96,722,36443,37261
10月,111,2303,72218,74632
11月,100,5129,93479,98708
12月,103,2395,74630,77128
Nicaragua,4829,8734,1700,15263
1月,,163,118,281
2月,,150,277,427
3月,4,184,311,499
4月,9,172,126,307
5月,872,335,113,1320
6月,1129,771,182,2082
7月,1066,988,117,2171
8月,579,1275,124,1978
9月,487,2406,139,3032
10月,278,1593,96,1967
11月,205,464,84,753
12月,200,233,13,446
Niger,3327,4082,2029,9438
1月,,1194,1247,2441
2月,,223,102,325
3月,27,261,47,335
4月,692,227,140,1059
5月,239,182,90,511
6月,117,79,0,196
7月,63,134,73,270
8月,42,226,227,495
9月,21,159,74,254
10月,23,358,20,401
11月,328,641,9,978
12月,1775,398,0,2173
Nigeria,87607,153906,24898,266411
1月,,43635,11668,55303
2月,1,24415,1379,25795
3月,134,7234,855,8223
4月,1797,2219,331,4347
5月,8230,1408,312,9950
6月,15532,1100,1262,17894
7月,17457,6290,3687,27434
8月,10857,18523,2549,31929
9月,4840,13348,1856,20044
10月,4005,6182,756,10943
11月,4704,2257,145,7106
12月,20050,27295,98,47443
Niue,,,,
1月,,,,
2月,,,,
3月,,,,
4月,,,,
5月,,,,
6月,,,,
7月,,,,
8月,,,,
9月,,,,
10月,,,,
11月,,,,
12月,,,,
North America,23205241,41906809,52639954,117752004
1月,11,6992018,22970502,29962531
2月,50,2856367,5131935,7988352
3月,207357,2221316,1534407,3963080
4月,968774,2404573,1700354,5073701
5月,848046,1365911,3216048,5430005
6月,1080788,776103,3876673,5733564
7月,2261836,2086929,4845679,9194444
8月,1825311,5407242,3812428,11044981
9月,1499941,5075015,2074744,8649700
10月,2307994,2979763,1280731,6568488
11月,4944006,2821739,1436607,9202352
12月,7261127,6919833,759846,14940806
North Korea,,,1,1
1月,,,,
2月,,,,
3月,,,,
4月,,,,
5月,,,1,1
6月,,,0,0
7月,,,0,0
8月,,,0,0
9月,,,0,0
10月,,,0,0
11月,,,0,0
12月,,,0,0
North Macedonia,83329,141720,120042,345091
1月,,9364,43852,53216
2月,1,10094,28361,38456
3月,328,27235,8717,36280
4月,1136,22345,3592,27073
5月,761,2905,2365,6031
6月,4108,412,2082,6602
7月,4420,696,12991,18107
8月,3587,20114,13332,37033
9月,3636,14914,2620,21170
10月,13595,11144,1209,25948
11月,30306,13033,564,43903
12月,21451,9464,357,31272
Northern Cyprus,,,,
1月,,,,
2月,,,,
3月,,,,
4月,,,,
5月,,,,
6月,,,,
7月,,,,
8月,,,,
9月,,,,
10月,,,,
11月,,,,
12月,,,,
Northern Ireland,,,,
1月,,,,
2月,,,,
3月,,,,
4月,,,,
5月,,,,
6月,,,,
7月,,,,
8月,,,,
9月,,,,
10月,,,,
11月,,,,
12月,,,,
Northern Mariana Islands,,,,
1月,,,,
2月,,,,
3月,,,,
4月,,,,
5月,,,,
6月,,,,
7月,,,,
8月,,,,
9月,,,,
10月,,,,
11月,,,,
12月,,,,
Norway,49567,344692,1076873,1471132
1月,,13399,386790,400189
2月,15,8040,461111,469166
3月,4626,25073,163800,193499
4月,3097,16891,20053,40041
5月,702,12146,7628,20476
6月,439,6200,13629,20268
7月,361,6311,8526,15198
8月,1542,22547,4331,28420
9月,3245,29257,2281,34783
10月,6304,17849,2538,26691
11月,15819,60563,4115,80497
12月,13417,126416,2071,141904
Oceania,48428,540424,12731207,13320059
1月,9,1759,2207298,2209066
2月,17,1006,827862,828885
3月,5238,5889,1923958,1935085
4月,3085,5845,1668275,1677205
5月,465,5722,1607838,1614025
6月,749,5900,1042059,1048708
7月,9465,30899,1564096,1604460
8月,9645,58596,756130,824371
9月,2735,66795,239702,309232
10月,6089,86682,227009,319780
11月,7624,51842,383026,442492
12月,3307,219489,283954,506750
Oman,128867,176622,93630,399119
1月,,5459,33391,38850
2月,6,7170,43364,50540
3月,186,17722,6099,24007
4月,2156,34035,783,36974
5月,9089,23971,347,33407
6月,28633,51321,771,80725
7月,39089,27312,5493,71894
8月,6563,6443,2109,15115
9月,12863,1469,578,14910
10月,15849,522,351,16722
11月,9265,263,344,9872
12月,5168,935,0,6103
Pakistan,482178,813755,279553,1575486
1月,,64250,134433,198683
2月,4,34937,79855,114796
3月,2114,91566,14752,108432
4月,15996,152588,2983,171567
5月,54346,97305,2497,154148
6月,141010,35584,6026,182620
7月,64835,76429,18112,159376
8月,17544,128851,14485,160880
9月,16957,82850,3522,103329
10月,21164,27022,1496,49682
11月,66512,11694,1131,79337
12月,81696,10679,261,92636
Palau,,10,5886,5896
1月,,,1623,1623
2月,,,2148,2148
3月,,,243,243
4月,,,586,586
5月,,,455,455
6月,,,155,155
7月,,,88,88
8月,,2,40,42
9月,,3,112,115
10月,,3,53,56
11月,,0,272,272
12月,,2,111,113
Palestine,138004,331744,233480,703228
1月,,20958,54968,75926
2月,,24650,121231,145881
3月,119,58741,9803,68663
4月,225,54109,1310,55644
5月,104,11888,645,12637
6月,1980,5817,2148,9945
7月,9409,2571,22243,34223
8月,10892,25544,20236,56672
9月,17170,61434,436,79040
10月,13621,49281,268,63170
11月,32127,7056,0,39183
12月,52357,9695,192,62244
Panama,246790,249130,513332,1009252
1月,,73589,201204,274793
2月,,20536,58374,78910
3月,1181,14136,9038,24355
4月,5351,9525,11884,26760
5月,6931,13521,81848,102300
6月,20087,25681,63096,108864
7月,31706,31877,27109,90692
8月,27726,21832,29708,79266
9月,19613,9626,8685,37924
10月,21003,5551,3547,30101
11月,32208,5078,11748,49034
12月,80984,18178,7091,106253
Papua New Guinea,796,35378,10299,46473
1月,,71,708,779
2月,,424,4424,4848
3月,1,4716,1913,6630
4月,7,5006,614,5627
5月,0,4913,664,5577
6月,3,1188,236,1427
7月,61,619,67,747
8月,403,121,96,620
9月,75,2383,117,2575
10月,55,9494,468,10017
11月,67,5464,681,6212
12月,124,979,311,1414
Paraguay,107932,358169,312794,778895
1月,,25295,117561,142856
2月,,26247,57659,83906
3月,69,55193,6629,61891
4月,197,64410,1505,66112
5月,720,76307,1206,78233
6月,1235,67898,4871,74004
7月,3117,29106,51577,83800
8月,12324,6140,8053,26517
9月,23096,1439,1381,25916
10月,22427,1039,1412,24878
11月,19239,2052,209,21500
12月,25508,3043,60731,89282
Peru,1015137,1281694,2066412,4363243
1月,,123102,942707,1065809
2月,,185624,277722,463346
3月,1065,224944,29865,255874
4月,35911,250638,18128,304677
5月,127500,156024,18170,301694
6月,120737,96596,45842,263175
7月,122279,59328,283068,464675
8月,239674,38198,194004,471876
9月,164602,25714,40542,230858
10月,88412,26491,12508,127411
11月,62350,34555,96760,193665
12月,52607,60480,107096,220183
Philippines,474064,2369926,1206700,4050690
1月,1,51554,716223,767778
2月,2,50734,101795,152531
3月,2081,170936,16591,189608
4月,6404,290172,7398,303974
5月,9598,192841,5229,207668
6月,19428,182258,13826,215512
7月,55840,176406,72220,304466
8月,127465,400892,103602,631959
9月,90875,560109,67811,718795
10月,69035,237310,56425,362770
11月,50901,45458,31812,128171
12月,42434,11256,13768,67458
Pitcairn,,,,
1月,,,,
2月,,,,
3月,,,,
4月,,,,
5月,,,,
6月,,,,
7月,,,,
8月,,,,
9月,,,,
10月,,,,
11月,,,,
12月,,,,
Poland,1294878,2813337,2249485,6357700
1月,,218507,777939,996446
2月,,193601,780900,974501
3月,2311,614731,295877,912919
4月,10566,470425,33583,514574
5月,10909,80141,11070,102120
6月,10607,7629,7408,25644
7月,11295,3027,54673,68995
8月,21684,5731,107220,134635
9月,24142,18401,116673,159216
10月,271217,118176,46877,436270
11月,628080,514814,12320,1155214
12月,304067,568154,4945,877166
Portugal,413839,975968,4159833,5549640
1月,,306838,1299521,1606359
2月,,84046,692435,776481
3月,7443,17160,357317,381920
4月,17602,14771,288765,321138
5月,7616,12600,655334,675550
6月,9641,30464,488218,528323
7月,8931,89074,169376,267381
8月,6940,69296,79528,155764
9月,17530,31352,73400,122282
10月,65737,21372,27191,114300
11月,156782,56598,21534,234914
12月,115617,242397,7214,365228
Puerto Rico,,,,
1月,,,,
2月,,,,
3月,,,,
4月,,,,
5月,,,,
6月,,,,
7月,,,,
8月,,,,
9月,,,,
10月,,,,
11月,,,,
12月,,,,
Qatar,143834,106694,234130,484658
1月,,7501,88619,96120
2月,1,12329,17835,30165
3月,780,16300,4433,21513
4月,12628,25688,3187,41503
5月,43501,11806,4186,59493
6月,39178,4613,13847,57638
7月,14607,4168,26021,44796
8月,8083,6505,20740,35328
9月,6982,3899,21772,32653
10月,6796,2604,18099,27499
11月,6277,4200,9581,20058
12月,5001,7081,5810,17892
Romania,632263,1176628,1492771,3301662
1月,,96480,407634,504114
2月,3,73251,516959,590213
3月,2242,150809,120086,273137
4月,9995,102462,40306,152763
5月,7017,22472,15319,44808
6月,7713,3055,10266,21034
7月,23916,2397,144186,170499
8月,36654,15576,155707,207937
9月,40032,134903,49208,224143
10月,113767,414363,18173,546303
11月,234023,131636,10099,375758
12月,156901,29224,4828,190953
Russia,3127347,7193058,11044166,21364571
1月,2,681001,1349961,2030964
2月,0,390052,4491230,4881282
3月,2335,295834,1421515,1719684
4月,104161,256521,334080,694762
5月,299345,262757,146689,708791
6月,241086,436082,97358,774526
7月,191532,735655,169548,1096735
8月,153941,635448,913861,1703250
9月,178397,580407,1440301,2199105
10月,435468,976880,439710,1852058
11月,669669,1090656,159818,1920143
12月,851411,851765,80095,1783271
Rwanda,8383,103403,21051,132837
1月,,6921,17105,24026
2月,,3546,611,4157
3月,75,2933,220,3228
4月,168,3333,84,3585
5月,127,1847,251,2225
6月,655,12084,964,13703
7月,997,31651,1218,33866
8月,2041,16929,200,19170
9月,777,9890,87,10754
10月,297,2181,84,2562
11月,797,651,178,1626
12月,2449,11437,49,13935
Saint Helena,4,0,2518,2522
1月,,0,0,0
2月,,0,0,0
3月,,0,0,0
4月,,0,0,0
5月,,0,0,0
6月,,0,0,0
7月,,0,0,0
8月,,0,3,3
9月,2,0,1514,1516
10月,0,0,524,524
11月,1,0,117,118
12月,1,0,360,361
Saint Kitts and Nevis,32,2967,3560,6559
1月,,5,2423,2428
2月,,4,108,112
3月,8,3,19,30
4月,7,0,13,20
5月,0,24,167,191
6月,0,378,336,714
7月,2,147,397,546
8月,0,498,50,548
9月,2,827,32,861
10月,0,751,4,755
11月,3,117,8,128
12月,10,213,3,226
Saint Lucia,353,13217,16153,29723
1月,,842,7372,8214
2月,,2195,1752,3947
3月,13,848,259,1120
4月,4,314,441,759
5月,1,515,2199,2715
6月,1,229,1429,1659
7月,6,314,944,1264
8月,1,2609,809,3419
9月,1,3240,633,3874
10月,51,1100,231,1382
11月,181,441,72,694
12月,94,570,12,676
Saint Pierre and Miquelon,18,84,3206,3308
1月,,8,791,799
2月,,0,179,179
3月,,0,887,887
4月,1,1,744,746
5月,0,0,47,47
6月,0,1,31,32
7月,3,2,304,309
8月,1,2,48,51
9月,11,1,57,69
10月,0,1,43,44
11月,0,38,19,57
12月,2,30,56,88
Saint Vincent and the Grenadines,121,5729,5194,11044
1月,,780,3597,4377
2月,,655,406,1061
3月,1,192,26,219
4月,15,116,84,215
5月,10,171,251,432
6月,3,190,381,574
7月,25,66,303,394
8月,6,45,74,125
9月,4,1172,20,1196
10月,10,1487,9,1506
11月,11,530,17,558
12月,36,325,26,387
Samoa,2,1,15967,15970
1月,,0,29,29
2月,,1,1,2
3月,,0,1680,1680
4月,,0,7879,7879
5月,,0,3907,3907
6月,,0,1407,1407
7月,,0,499,499
8月,,0,434,434
9月,,0,86,86
10月,,0,21,21
11月,2,0,21,23
12月,0,0,3,3
San Marino,2333,5869,14413,22615
1月,,692,4682,5374
2月,1,691,1485,2177
3月,235,1016,976,2227
4月,327,328,1092,1747
5月,124,30,687,841
6月,26,2,892,920
7月,3,51,1777,1831
8月,19,188,580,787
9月,14,109,420,543
10月,209,107,811,1127
11月,651,492,563,1706
12月,724,2163,448,3335
Sao Tome and Principe,1014,2883,2385,6282
1月,,243,1993,2236
2月,,529,44,573
3月,,437,14,451
4月,14,79,12,105
5月,469,43,34,546
6月,231,21,52,304
7月,157,88,57,302
8月,25,154,53,232
9月,15,851,77,943
10月,34,255,36,325
11月,46,17,12,75
12月,23,166,1,190
Saudi Arabia,362741,193495,270023,826259
1月,,5333,131028,136361
2月,,9309,57763,67072
3月,1563,12624,5787,19974
4月,21190,27356,3197,51743
5月,62508,33073,14068,109649
6月,105562,37156,27107,169825
7月,85082,38138,14486,137706
8月,39867,17588,3789,61244
9月,18833,3816,3037,25686
10月,12677,1483,5961,20121
11月,10078,1135,3138,14351
12月,5381,6484,662,12527
Scotland,,,,
1月,,,,
2月,,,,
3月,,,,
4月,,,,
5月,,,,
6月,,,,
7月,,,,
8月,,,,
9月,,,,
10月,,,,
11月,,,,
12月,,,,
Senegal,19140,55915,13832,88887
1月,,7383,9944,17327
2月,,7997,694,8691
3月,175,4185,202,4562
4月,758,1639,102,2499
5月,2712,1072,114,3898
6月,3148,1712,214,5074
7月,3439,19162,1061,23662
8月,3379,10515,712,14606
9月,1371,970,300,2641
10月,634,142,281,1057
11月,473,70,194,737
12月,3051,1068,14,4133
Serbia,337923,961416,1131317,2430656
1月,,57340,378459,435799
2月,,63996,233177,297173
3月,900,141337,65592,207829
4月,8109,88961,29786,126856
5月,2403,22915,11101,36419
6月,3152,4090,11949,19191
7月,10988,5356,93622,109966
8月,5854,41015,160170,207039
9月,2145,179056,78543,259744
10月,13403,200760,42374,256537
11月,128484,112096,19273,259853
12月,162485,44494,7271,214250
Seychelles,230,24563,25280,50073
1月,,961,12402,13363
2月,,1406,2146,3552
3月,11,1522,1085,2618
4月,3,1724,2081,3808
5月,0,5630,1514,7144
6月,70,4203,653,4926
7月,34,2657,760,3451
8月,17,1710,652,2379
9月,10,1435,1060,2505
10月,11,770,1894,2675
11月,20,1174,1033,2227
12月,54,1371,0,1425
Sierra Leone,2611,4453,696,7760
1月,,982,559,1541
2月,,294,42,336
3月,1,93,9,103
4月,123,74,7,204
5月,737,93,1,831
6月,601,1428,13,2042
7月,361,708,39,1108
8月,199,84,13,296
9月,209,27,4,240
10月,135,3,3,141
11月,46,5,5,56
12月,199,662,1,862
Singapore,58599,220806,1902383,2181788
1月,13,937,73406,74356
2月,89,400,371613,372102
3月,824,445,372004,373273
4月,15243,764,96822,112829
5月,18715,906,110044,129665
6月,9023,528,140774,150325
7月,8298,2402,269988,280688
8月,4607,2639,125188,132434
9月,953,28901,68663,98517
10月,250,101853,194465,296568
11月,203,66351,65525,132079
12月,381,14680,13891,28952
Sint Maarten (Dutch part),,,,
1月,,,,
2月,,,,
3月,,,,
4月,,,,
5月,,,,
6月,,,,
7月,,,,
8月,,,,
9月,,,,
10月,,,,
11月,,,,
12月,,,,
Slovakia,274603,1096479,1286031,2657113
1月,,161413,198217,359630
2月,,152655,550059,702714
3月,363,119205,323779,443347
4月,1033,46202,85863,133098
5月,125,16930,14348,31403
6月,146,4003,8552,12701
7月,625,1433,29931,31989
8月,1625,3323,3229,8177
9月,6224,24605,44569,75398
10月,49682,94554,17865,162101
11月,61524,271274,7048,339846
12月,153256,200882,2571,356709
Slovenia,122152,341896,812102,1276150
1月,,44321,246773,291094
2月,,23608,181799,205407
3月,802,25521,75489,101812
4月,627,24690,41949,67266
5月,44,13430,14972,28446
6月,127,3613,13686,17426
7月,556,1880,44351,46787
8月,727,7983,43648,52358
9月,2807,26166,56677,85650
10月,28617,42486,50090,121193
11月,41507,85048,24964,151519
12月,46338,43150,17704,107192
Solomon Islands,17,7,24554,24578
1月,,0,1162,1162
2月,,1,5866,5867
3月,,1,4421,4422
4月,,1,3316,3317
5月,,0,3388,3388
6月,,0,3370,3370
7月,,0,0,0
8月,,0,0,0
9月,,0,0,0
10月,8,0,0,8
11月,9,0,3031,3040
12月,0,4,0,4
Somalia,4714,18818,3768,27300
1月,,70,1856,1926
2月,,2473,925,3398
3月,5,4141,97,4243
4月,596,2517,75,3188
5月,1375,747,80,2202
6月,948,284,238,1470
7月,288,457,154,899
8月,98,2063,63,2224
9月,278,2514,194,2986
10月,353,2018,23,2394
11月,510,1018,49,1577
12月,263,516,14,793
South Africa,1057161,2382539,586976,4026676
1月,,396600,146936,543536
2月,,59632,68820,128452
3月,1353,34764,44911,81028
4月,4294,33053,72172,109519
5月,27036,84407,166652,278095
6月,118526,308355,35667,462548
7月,341974,473482,11680,827136
8月,133858,330205,6813,470876
9月,47298,125013,7140,179451
10月,51113,19444,9231,79788
11月,64552,27350,13582,105484
12月,267157,490234,3372,760763
South America,13230145,26448688,25899237,65578070
1月,,2682420,8822116,11504536
2月,4,2093284,5606878,7700166
3月,14507,3189288,1851848,5055643
4月,165773,3730133,671074,4566980
5月,725850,3904908,948343,5579101
6月,1355875,4095661,1973523,7425059
7月,1870752,2617939,2531899,7020590
8月,2198437,1380622,1332757,4911816
9月,1770572,759740,461980,2992292
10月,1596084,602083,330675,2528842
11月,1469423,567585,677083,2714091
12月,2062868,825025,691061,3578954
South Korea,61768,573484,27205748,27841000
1月,10,16739,228789,245538
2月,3139,11523,2409407,2424069
3月,6636,13608,10102369,10122613
4月,988,18995,3899831,3919814
5月,729,18165,843766,862660
6月,1347,16924,249442,267713
7月,1486,42064,1451882,1495432
8月,5846,53658,3507158,3566662
9月,3707,60328,1468117,1532152
10月,2746,52613,819653,875012
11月,8017,85964,1540146,1634127
12月,27117,182903,685188,895208
South Sudan,3558,11684,3110,18352
1月,,371,1552,1923
2月,,3997,179,4176
3月,,2239,289,2528
4月,35,418,199,652
5月,959,105,156,1220
6月,1013,146,105,1264
7月,315,215,11,541
8月,205,387,90,682
9月,177,574,0,751
10月,201,351,0,552
11月,204,397,527,1128
12月,449,2484,2,2935
Spain,1938671,4440910,7339525,13719106
1月,,814854,3666508,4481362
2月,45,445434,1016271,1461750
3月,95878,170147,530785,796810
4月,127546,239724,387843,755113
5月,26416,154313,430112,610841
6月,9792,130570,407774,548136
7月,39251,638084,494176,1171511
8月,174336,408021,115951,698308
9月,306330,104026,80454,490810
10月,416490,52057,88784,557331
11月,462509,153036,83736,699281
12月,280078,1130644,37131,1447853
Sri Lanka,43299,543946,84516,671761
1月,1,20858,23940,44799
2月,0,18937,34849,53786
3月,142,9612,15597,25351
4月,520,15440,1731,17691
5月,970,78218,472,79660
6月,414,72725,289,73428
7月,768,49723,1616,52107
8月,234,131490,4218,135942
9月,331,77075,816,78222
10月,7283,23696,314,31293
11月,13324,22916,595,36835
12月,19312,23256,79,42647
Sudan,25500,21031,17145,63676
1月,,3880,11114,14994
2月,,967,3826,4793
3月,7,1486,497,1990
4月,368,2111,162,2641
5月,4425,1551,238,6214
6月,4572,1163,269,6004
7月,2207,480,382,3069
8月,1610,571,222,2403
9月,457,587,57,1101
10月,158,2150,196,2504
11月,4241,2651,156,7048
12月,7455,3434,26,10915
Suriname,6210,46236,29135,81581
1月,,2228,21323,23551
2月,,491,4447,4938
3月,9,193,1005,1207
4月,1,1241,115,1357
5月,13,4591,1211,5815
6月,492,6778,317,7587
7月,1135,3619,102,4856
8月,2384,3942,73,6399
9月,843,12338,67,13248
10月,326,7388,79,7793
11月,109,1829,396,2334
12月,898,1598,0,2496
Sweden,437379,877405,1325585,2640369
1月,,129578,755672,885250
2月,14,90352,370686,461052
3月,4820,147577,46710,199107
4月,16767,168718,13065,198550
5月,17060,94869,7031,118960
6月,29263,21517,11251,62031
7月,9152,10050,20516,39718
8月,7303,26773,24708,58784
9月,8484,26073,24018,58575
10月,31492,18626,23139,73257
11月,118774,33347,15106,167227
12月,194250,109925,13683,317858
Switzerland,452296,880319,3023967,4356582
1月,,69024,887924,956948
2月,18,33612,581412,615042
3月,16587,46192,695548,758327
4月,12981,58850,122099,193930
5月,1276,34766,55388,91430
6月,852,8264,84744,93860
7月,3518,14661,189529,207708
8月,6945,62001,95752,164698
9月,11105,60697,58948,130750
10月,100969,32195,128063,261227
11月,172821,142104,105961,420886
12月,125224,317953,18599,461776
Syria,11434,38844,7142,57420
1月,,2614,1124,3738
2月,,1540,3173,4713
3月,10,3321,1120,4451
4月,33,3824,118,3975
5月,79,1762,79,1920
6月,157,1020,35,1212
7月,478,448,348,1274
8月,2008,1952,768,4728
9月,1435,6290,259,7984
10月,1528,8941,58,10527
11月,2159,5024,39,7222
12月,3547,2108,21,5676
Taiwan,801,16230,8464011,8481042
1月,9,112,1761,1882
2月,29,44,1699,1772
3月,283,75,2905,3263
4月,107,98,92489,92694
5月,13,7383,1917100,1924496
6月,5,6293,1734300,1740598
7月,20,870,820902,821792
8月,24,321,719844,720189
9月,26,228,1153371,1153625
10月,41,189,1251326,1251556
11月,120,189,600640,600949
12月,124,428,167674,168226
Tajikistan,13665,3828,293,17786
1月,,49,213,262
2月,,0,80,80
3月,,0,0,0
4月,,0,0,0
5月,3807,0,0,3807
6月,2093,191,0,2284
7月,1466,1577,0,3043
8月,1184,1770,0,2954
9月,1176,232,0,1408
10月,1251,2,0,1253
11月,1178,7,0,1185
12月,1510,0,0,1510
Tanzania,509,28797,11500,40806
1月,,0,3924,3924
2月,,0,390,390
3月,19,0,195,214
4月,461,0,57,518
5月,29,0,1482,1511
6月,0,0,414,414
7月,0,508,1742,2250
8月,0,350,1202,1552
9月,0,24479,728,25207
10月,0,308,480,788
11月,0,116,736,852
12月,0,3036,150,3186
Thailand,6882,2216551,2501396,4724829
1月,15,11898,217107,229020
2月,23,7169,451385,458577
3月,1609,2912,736420,740941
4月,1303,36290,622602,660195
5月,127,94639,208850,303616
6月,90,99509,72458,172057
7月,141,337986,69369,407496
8月,102,607442,60639,668183
9月,152,398745,29209,428106
10月,216,308550,10316,319082
11月,218,203848,14796,218862
12月,2886,107563,8245,118694
Timor,44,19793,3540,23377
1月,,26,109,135
2月,,43,2747,2790
3月,1,491,142,634
4月,23,1672,35,1730
5月,0,4718,50,4768
6月,0,2228,42,2270
7月,0,1676,42,1718
8月,3,5784,171,5958
9月,1,2816,87,2904
10月,2,292,44,338
11月,0,33,42,75
12月,14,14,29,57
Togo,3633,26530,9174,39337
1月,,1441,6328,7769
2月,,1827,307,2134
3月,34,3348,141,3523
4月,82,2718,46,2846
5月,326,499,110,935
6月,208,451,308,967
7月,291,1881,681,2853
8月,459,5463,407,6329
9月,384,4168,562,5114
10月,547,650,246,1443
11月,643,186,29,858
12月,659,3898,9,4566
Tokelau,,,,
1月,,,,
2月,,,,
3月,,,,
4月,,,,
5月,,,,
6月,,,,
7月,,,,
8月,,,,
9月,,,,
10月,,,,
11月,,,,
12月,,,,
Tonga,,1,16181,16182
1月,,,0,0
2月,,,354,354
3月,,,6068,6068
4月,,,3773,3773
5月,,,1448,1448
6月,,,657,657
7月,,,253,253
8月,,,2681,2681
9月,,,947,947
10月,,1,0,1
11月,,0,0,0
12月,,0,0,0
Trinidad and Tobago,7150,84749,93629,185528
1月,,414,19650,20064
2月,,149,16218,16367
3月,87,313,10093,10493
4月,29,2798,10007,12834
5月,1,13085,13717,26803
6月,13,8884,5513,14410
7月,39,6018,4413,10470
8月,1590,6036,7636,15262
9月,2772,5862,4035,12669
10月,1161,6620,1532,9313
11月,977,14032,664,15673
12月,481,20538,151,21170
Tunisia,139140,587566,421012,1147718
1月,,69745,183107,252852
2月,,24392,88417,112809
3月,394,20741,37654,58789
4月,600,55101,4309,60010
5月,83,36355,3252,39690
6月,97,74629,9308,84034
7月,361,169462,76513,246336
8月,2268,74469,15169,91906
9月,14610,43156,1824,59590
10月,41400,5557,466,47423
11月,36956,4825,920,42701
12月,42371,9134,73,51578
Turkey,1385427,7273898,7437088,16096413
1月,,268811,2137332,2406143
2月,,224125,2469574,2693699
3月,13531,615594,771104,1400229
4月,106673,1503409,171533,1781615
5月,43738,428813,40654,513205
6月,35964,176248,50584,262796
7月,30967,301393,766164,1098524
8月,39260,661286,782353,1482899
9月,48530,765739,201945,1016214
10月,56704,878918,45845,981467
11月,263480,762600,0,1026080
12月,746580,686962,0,1433542
Turkmenistan,,,,
1月,,,,
2月,,,,
3月,,,,
4月,,,,
5月,,,,
6月,,,,
7月,,,,
8月,,,,
9月,,,,
10月,,,,
11月,,,,
12月,,,,
Turks and Caicos Islands,894,2391,3162,6447
1月,,610,2443,3053
2月,,611,140,751
3月,5,215,43,263
4月,8,59,53,120
5月,0,29,160,189
6月,29,8,96,133
7月,66,59,84,209
8月,401,166,66,633
9月,181,194,11,386
10月,14,136,49,199
11月,45,116,17,178
12月,145,188,0,333
Tuvalu,,,2828,2828
1月,,,,
2月,,,,
3月,,,,
4月,,,,
5月,,,3,3
6月,,,0,0
7月,,,5,5
8月,,,12,12
9月,,,0,0
10月,,,3,3
11月,,,2805,2805
12月,,,0,0
Uganda,35321,105521,29073,169915
1月,,4363,21102,25465
2月,,778,1468,2246
3月,44,510,598,1152
4月,40,999,179,1218
5月,438,5281,282,6001
6月,472,32830,3353,36655
7月,265,13950,1511,15726
8月,1818,25988,166,27972
9月,5157,3657,0,8814
10月,4366,2599,77,7042
11月,7964,1379,260,9603
12月,14757,13187,77,28021
Ukraine,1086997,2760229,1805825,5653051
1月,,174549,407980,582529
2月,,133982,811164,945146
3月,645,329501,131324,461470
4月,9761,399041,35571,444373
5月,13266,136829,10958,161053
6月,21582,39202,42797,103581
7月,26150,33308,7623,67081
8月,52728,51155,34620,138503
9月,90314,148737,148762,387813
10月,184884,524807,123077,832768
11月,353013,548514,41543,943070
12月,334654,240604,10406,585664
United Arab Emirates,207822,554115,283679,1045616
1月,4,95787,83121,178912
2月,17,87915,34915,122847
3月,643,69920,11327,81890
4月,11817,58792,7271,77880
5月,22076,50600,9634,82310
6月,14110,62071,37595,113776
7月,11839,47951,45764,105554
8月,9725,37512,23834,71071
9月,23959,17622,12104,53685
10月,38439,3913,10134,52486
11月,36231,2136,6707,45074
12月,38962,19896,1273,60131
United Kingdom,2488780,10456330,10272254,23217364
1月,2,1328396,3530636,4859034
2月,59,359378,1570808,1930245
3月,38423,169234,2260724,2468381
4月,139059,75695,890915,1105669
5月,78602,73080,266182,417864
6月,27565,313568,419758,760891
7月,19471,1055621,584138,1659230
8月,32692,933053,217313,1183058
9月,117391,1017455,151060,1285906
10月,558396,1250593,225633,2034622
11月,617997,1171143,99683,1888823
12月,859123,2709114,55404,3623641
United States,20217292,34687370,44565535,99470197
1月,7,6137296,20354248,26491551
2月,17,2407421,3938943,6346381
3月,192054,1815403,1041110,3048567
4月,888919,1888535,1244834,4022288
5月,709871,918417,2861279,4489567
6月,857783,395939,3347892,4601614
7月,1899764,1324922,3669335,6894021
8月,1497968,4287358,3184249,8969575
9月,1199814,4144769,1833477,7178060
10月,1928887,2513808,1126216,5568911
11月,4490504,2552620,1308749,8351873
12月,6551704,6300882,655203,13507789
United States Virgin Islands,,,,
1月,,,,
2月,,,,
3月,,,,
4月,,,,
5月,,,,
6月,,,,
7月,,,,
8月,,,,
9月,,,,
10月,,,,
11月,,,,
12月,,,,
Upper middle income,23261367,59230927,58096274,140588568
1月,9261,4880797,15305176,20195234
2月,69534,3474886,15435554,18979974
3月,45011,5139960,5910432,11095403
4月,438369,6350469,2842114,9630952
5月,1137495,5256748,1634519,8028762
6月,1871376,5591034,2400473,9862883
7月,2835826,6154953,4726721,13717500
8月,2915697,6260720,3849397,13025814
9月,2441839,4695181,2454258,9591278
10月,2801987,4135378,938048,7875413
11月,3611945,3640320,1481315,8733580
12月,5083027,3650481,1118267,9851775
Uruguay,19140,394264,584664,998068
1月,,22619,255042,277661
2月,,16256,174037,190293
3月,338,47555,45473,93366
4月,326,92879,9932,103137
5月,180,96075,27910,124165
6月,113,74847,31852,106812
7月,328,12167,12174,24669
8月,331,3417,9357,13105
9月,451,3994,6262,10707
10月,1078,4971,5138,11187
11月,2733,5796,3315,11844
12月,13262,13688,4172,31122
Uzbekistan,77060,121843,49307,248210
1月,,1651,24105,25756
2月,,1215,13397,14612
3月,172,2943,1344,4459
4月,1867,7939,847,10653
5月,1584,9527,432,11543
6月,4880,10342,1736,16958
7月,15506,18650,2329,36485
8月,17884,27067,708,45659
9月,14824,17501,417,32742
10月,10215,12068,430,22713
11月,6162,7245,1872,15279
12月,3966,5695,1690,11351
Vanuatu,1,6,11987,11994
1月,,0,0,0
2月,,0,11,11
3月,,2,3361,3363
4月,,1,3951,3952
5月,,0,1758,1758
6月,,0,2178,2178
7月,,0,471,471
8月,,0,91,91
9月,,0,135,135
10月,,2,31,33
11月,1,0,0,1
12月,0,1,0,1
Vatican,27,0,2,29
1月,,0,2,2
2月,,0,0,0
3月,6,0,0,6
4月,5,0,0,5
5月,1,0,0,1
6月,0,0,0,0
7月,0,0,0,0
8月,0,0,0,0
9月,0,0,0,0
10月,15,0,0,15
11月,0,0,0,0
12月,0,0,0,0
Venezuela,113558,331077,103820,548455
1月,,13369,41339,54708
2月,,12189,29150,41339
3月,135,21381,5249,26765
4月,198,37186,1952,39336
5月,1177,36482,1329,38988
6月,4322,38547,2368,45237
7月,12742,33054,9814,55610
8月,28154,28577,6672,63403
9月,28394,34625,2295,65314
10月,16891,38183,1096,56170
11月,10381,24145,1497,36023
12月,11164,13339,1059,25562
Vietnam,1465,1729792,9239442,10970699
1月,2,352,544470,544824
2月,14,631,1167758,1168403
3月,196,155,6121124,6121475
4月,58,325,1085200,1085583
5月,58,4504,69570,74132
6月,27,9620,27091,36738
7月,203,133008,33162,166373
8月,486,312036,73107,385629
9月,50,328659,67677,396386
10月,86,130367,23529,153982
11月,167,316960,13023,330150
12月,118,493175,13731,507024
Wales,,,,
1月,,,,
2月,,,,
3月,,,,
4月,,,,
5月,,,,
6月,,,,
7月,,,,
8月,,,,
9月,,,,
10月,,,,
11月,,,,
12月,,,,
Wallis and Futuna,4,450,2961,3415
1月,,1,0,1
2月,,4,0,4
3月,,392,0,392
4月,,52,0,52
5月,,1,0,1
6月,,0,0,0
7月,,0,307,307
8月,,0,0,0
9月,,0,0,0
10月,1,0,2654,2655
11月,2,0,0,2
12月,1,0,0,1
Western Sahara,,,,
4月,,,,
World,83067956,205322463,359600356,647990775
1月,9370,19545516,89626048,109180934
2月,76097,11253618,58252220,69581935
3月,783285,14851078,51583266,67217629
4月,2445940,22547082,25070022,50063044
5月,2905133,19698380,16217215,38820728
6月,4316823,11472408,17787520,33576751
7月,7118823,15733462,29599017,52451302
8月,7942747,19890343,25139577,52972667
9月,8506449,15938763,14767655,39212867
10月,12120635,13102704,12772531,37995870
11月,17311487,15642402,12365194,45319083
12月,19531167,25646707,6420091,51597965
Yemen,2100,8027,1819,11946
1月,,22,893,915
2月,,164,752,916
3月,,2072,35,2107
4月,6,1960,12,1978
5月,317,425,4,746
6月,835,178,2,1015
7月,570,141,53,764
8月,231,808,49,1088
9月,76,1198,9,1283
10月,29,724,4,757
11月,14,213,6,233
12月,22,122,0,144
Zambia,20725,233549,79472,333746
1月,,33492,50773,84265
2月,,24317,7703,32020
3月,35,9884,4100,14019
4月,71,3168,2744,5983
5月,951,3677,2185,6813
6月,537,59685,4078,64300
7月,4369,40868,3626,48863
8月,6134,10511,3339,19984
9月,2662,2719,709,6090
10月,1673,688,150,2511
11月,1215,435,65,1715
12月,3078,44105,0,47183
Zimbabwe,13873,199391,46098,259362
1月,,19521,16408,35929
2月,,2701,6714,9415
3月,8,793,9906,10707
4月,32,1375,1589,2996
5月,144,704,4523,5371
6月,413,10903,3188,14504
7月,2578,58996,792,62366
8月,3328,15913,348,19589
9月,1341,6047,739,8127
10月,529,2157,428,3114
11月,1583,1648,1271,4502
12月,3917,78633,192,82742
總計,347937363,862343497,1561659294,2771940154
