,country_name,country_id,year,v2cldiscm,v2cldiscw,v2clacfree,v2clrelig,v2clfmove,v2cldmovem,v2cldmovew,score,panback
0,Mexico,3,2018,2.688,1.442,1.76,1.263,2.059,1.837,2.008,13.056999999999999,na
1,Mexico,3,2019,2.688,1.442,1.76,1.263,2.059,1.837,2.008,13.056999999999999,0.0
2,Mexico,3,2020,1.694,1.005,1.699,1.263,2.059,1.837,2.008,11.565000000000001,-1.4919999999999973
3,Mexico,3,2021,1.694,1.005,1.163,1.263,2.059,0.84,2.008,10.032,-3.0249999999999986
4,Suriname,4,2018,2.373,1.873,1.481,1.208,1.817,2.156,1.421,12.329,na
5,Suriname,4,2019,1.563,1.873,1.481,1.208,1.44,1.516,1.421,10.501999999999999,-1.8270000000000017
6,Suriname,4,2020,1.774,1.853,1.481,2.241,1.792,1.516,1.421,12.078,-0.2510000000000012
7,Suriname,4,2021,2.33,1.853,0.814,2.241,1.792,2.079,1.653,12.762,0.43299999999999983
8,Sweden,5,2018,1.873,1.974,3.263,2.667,1.988,1.812,1.896,15.472999999999999,na
9,Sweden,5,2019,1.873,1.974,3.263,2.667,1.988,1.812,1.896,15.472999999999999,0.0
10,Sweden,5,2020,1.873,1.974,3.263,2.667,1.989,1.935,1.896,15.597000000000001,0.12400000000000233
11,Sweden,5,2021,1.873,1.974,3.263,2.667,1.989,1.935,1.896,15.597000000000001,0.12400000000000233
12,Switzerland,6,2018,2.574,2.87,2.962,1.63,2.257,1.719,1.884,15.896,na
13,Switzerland,6,2019,2.574,2.87,2.962,1.63,2.257,1.719,1.884,15.896,0.0
14,Switzerland,6,2020,2.574,2.87,2.962,1.63,0.837,1.719,1.884,14.476,-1.42
15,Switzerland,6,2021,2.574,2.87,2.962,1.63,1.749,1.719,1.884,15.388000000000002,-0.5079999999999991
16,Ghana,7,2018,2.176,1.613,2.273,2.482,1.892,2.543,1.53,14.508999999999999,na
17,Ghana,7,2019,2.176,1.613,1.699,2.482,2.545,2.543,1.53,14.588,0.07900000000000063
18,Ghana,7,2020,2.581,1.954,1.699,2.482,1.83,2.543,2.129,15.218000000000002,0.7090000000000032
19,Ghana,7,2021,1.538,1.005,1.364,2.482,1.83,2.543,2.129,12.891,-1.6179999999999986
20,South Africa,8,2018,1.421,1.598,2.054,2.278,1.36,1.93,1.663,12.304,na
21,South Africa,8,2019,1.421,1.598,2.057,2.278,1.36,1.498,1.178,11.39,-0.9139999999999997
22,South Africa,8,2020,1.421,1.392,2.057,2.278,1.327,1.498,0.965,10.937999999999999,-1.3660000000000014
23,South Africa,8,2021,1.421,1.392,2.057,2.278,1.327,1.498,0.965,10.937999999999999,-1.3660000000000014
24,Japan,9,2018,1.929,1.347,2.273,2.513,1.774,2.145,2.342,14.322999999999999,na
25,Japan,9,2019,1.929,1.347,2.273,2.513,1.774,2.145,2.342,14.322999999999999,0.0
26,Japan,9,2020,2.303,1.477,2.273,2.513,1.046,1.189,2.342,13.143,-1.179999999999998
27,Japan,9,2021,2.303,1.477,2.273,2.513,1.046,1.189,2.342,13.143,-1.179999999999998
28,Burma/Myanmar,10,2018,0.999,0.626,0.394,-0.344,-0.333,-0.127,-0.305,0.9100000000000004,na
29,Burma/Myanmar,10,2019,0.999,0.781,0.25,-0.421,-0.333,-0.127,-0.305,0.8440000000000003,-0.06600000000000006
30,Burma/Myanmar,10,2020,0.999,0.942,0.333,-0.341,-0.053,-0.408,-0.416,1.0560000000000003,0.1459999999999999
31,Burma/Myanmar,10,2021,-2.097,-2.422,-2.146,-0.908,-1.598,-1.598,-1.55,-12.319000000000003,-13.229000000000003
32,Russia,11,2018,0.423,0.394,-0.43,-0.134,0.647,1.192,1.417,3.5089999999999995,na
33,Russia,11,2019,0.423,0.394,-0.55,-0.173,0.647,1.192,1.417,3.3499999999999996,-0.1589999999999998
34,Russia,11,2020,0.423,0.394,-0.715,-0.173,0.647,1.192,1.417,3.185,-0.3239999999999994
35,Russia,11,2021,0.435,0.375,-0.913,-0.121,0.647,1.192,1.013,2.628,-0.8809999999999993
36,Albania,12,2018,1.555,1.417,1.214,2.254,1.954,2.027,1.578,11.998999999999999,na
37,Albania,12,2019,1.423,1.687,1.157,1.769,1.954,2.095,2.408,12.493,0.49400000000000155
38,Albania,12,2020,1.589,1.841,0.887,1.769,1.954,2.095,2.408,12.543000000000001,0.5440000000000023
39,Albania,12,2021,1.589,1.673,0.887,1.769,2.27,2.095,2.408,12.691,0.692000000000002
40,Egypt,13,2018,-1.476,-1.206,-1.737,-0.853,-1.116,0.603,-0.466,-6.251,na
41,Egypt,13,2019,-1.558,-1.206,-1.737,-0.853,-1.116,1.218,-0.466,-5.718000000000001,0.5329999999999995
42,Egypt,13,2020,-1.558,-1.206,-1.737,-0.364,-0.963,1.218,-0.466,-5.0760000000000005,1.1749999999999998
43,Egypt,13,2021,-1.558,-1.206,-1.737,-0.09,-1.16,1.115,-0.466,-5.102,1.149
44,Yemen,14,2018,-1.338,-1.254,-2.342,-3.428,-1.762,-1.644,-2.037,-13.805,na
45,Yemen,14,2019,-1.042,-1.1,-1.805,-3.428,-1.602,-1.644,-1.901,-12.522,1.2829999999999995
46,Yemen,14,2020,-1.001,-1.1,-1.805,-3.428,-1.871,-1.644,-2.461,-13.31,0.4949999999999992
47,Yemen,14,2021,-0.926,-1.069,-1.805,-2.92,-1.657,-1.644,-2.037,-12.058,1.7469999999999999
48,Colombia,15,2018,0.776,0.451,1.31,1.968,2.096,0.984,0.795,8.38,na
49,Colombia,15,2019,-0.178,-0.231,0.687,1.469,1.581,0.555,0.529,4.412000000000001,-3.968
50,Colombia,15,2020,-0.397,-0.497,0.687,1.221,0.877,0.89,0.529,3.31,-5.07
51,Colombia,15,2021,-0.397,-0.274,0.58,1.221,0.877,0.89,0.34,3.2369999999999997,-5.143000000000001
52,Poland,17,2018,1.255,1.074,0.686,1.605,2.085,1.129,1.417,9.251,na
53,Poland,17,2019,1.303,1.074,0.552,1.334,2.085,1.129,1.417,8.894,-0.3569999999999993
54,Poland,17,2020,1.599,1.074,0.552,1.334,1.614,1.129,1.417,8.719,-0.532
55,Poland,17,2021,1.599,1.074,0.424,1.334,1.614,1.22,1.391,8.655999999999999,-0.5950000000000006
56,Brazil,19,2018,1.403,1.419,1.307,1.512,2.414,1.89,1.994,11.939,na
57,Brazil,19,2019,0.97,1.117,0.251,0.591,1.348,1.429,1.464,7.17,-4.769
58,Brazil,19,2020,1.063,1.117,0.196,0.591,1.348,1.429,1.464,7.208,-4.731
59,Brazil,19,2021,1.157,0.582,-0.179,0.591,1.348,1.429,1.464,6.3919999999999995,-5.547000000000001
60,United States of America,20,2018,2.392,2.129,2.886,1.971,1.74,1.64,2.078,14.836,na
61,United States of America,20,2019,2.053,1.763,2.886,1.971,1.435,1.64,2.078,13.826,-1.0099999999999998
62,United States of America,20,2020,2.11,1.867,2.886,1.971,1.324,1.863,2.049,14.069999999999999,-0.7660000000000018
63,United States of America,20,2021,2.359,2.15,2.886,1.971,1.324,1.863,2.049,14.601999999999999,-0.23400000000000176
64,Portugal,21,2018,3.029,2.885,2.745,2.733,2.688,2.297,2.461,18.837999999999997,na
65,Portugal,21,2019,3.029,2.885,2.745,2.733,2.688,2.297,2.461,18.837999999999997,0.0
66,Portugal,21,2020,3.029,2.885,2.431,1.857,1.839,2.297,2.461,16.799,-2.038999999999998
67,Portugal,21,2021,3.029,1.802,2.431,2.451,1.273,2.297,1.521,14.803999999999998,-4.033999999999999
68,El Salvador,22,2018,0.988,0.71,1.413,2.253,1.598,1.214,0.796,8.972,na
69,El Salvador,22,2019,1.731,1.379,0.902,2.253,0.96,1.469,0.9,9.594000000000001,0.6220000000000017
70,El Salvador,22,2020,0.681,0.368,0.56,2.253,0.299,-0.142,-0.339,3.68,-5.292
71,El Salvador,22,2021,0.204,-0.171,0.231,2.253,0.843,-0.142,-0.339,2.8790000000000004,-6.092999999999999
72,Bangladesh,24,2018,-0.798,-0.79,-0.378,1.232,-0.354,1.565,1.104,1.581,na
73,Bangladesh,24,2019,-0.798,-0.79,-0.638,1.01,-0.537,1.421,1.049,0.7169999999999999,-0.8640000000000001
74,Bangladesh,24,2020,-0.798,-0.79,-0.638,1.01,-0.537,1.421,1.049,0.7169999999999999,-0.8640000000000001
75,Bangladesh,24,2021,-0.798,-0.79,-0.638,1.285,-0.537,1.421,1.049,0.9919999999999998,-0.5890000000000002
76,Bolivia,25,2018,1.525,0.671,1.845,2.308,0.896,1.862,1.596,10.703,na
77,Bolivia,25,2019,0.719,0.363,1.695,1.529,0.854,0.847,1.528,7.535,-3.1679999999999993
78,Bolivia,25,2020,0.777,0.5,0.917,1.529,0.292,0.677,0.847,5.539,-5.164
79,Bolivia,25,2021,1.397,0.905,2.53,2.221,1.184,2.056,1.976,12.268999999999998,1.565999999999999
80,Haiti,26,2018,0.956,1.441,1.283,1.458,0.905,0.845,0.982,7.87,na
81,Haiti,26,2019,1.093,1.273,1.439,1.641,0.905,1.057,1.601,9.009,1.1390000000000002
82,Haiti,26,2020,1.093,1.273,1.137,1.641,0.905,1.057,1.601,8.707,0.8370000000000006
83,Haiti,26,2021,1.093,1.273,1.137,1.641,0.689,1.204,1.242,8.279,0.4089999999999998
84,Honduras,27,2018,1.479,1.434,1.385,1.734,1.269,1.742,1.227,10.27,na
85,Honduras,27,2019,1.479,1.434,1.059,1.734,1.269,1.742,1.227,9.944,-0.32599999999999874
86,Honduras,27,2020,1.479,1.434,1.341,1.734,1.269,1.742,1.227,10.226,-0.04399999999999871
87,Honduras,27,2021,1.721,1.669,1.341,1.734,1.46,1.742,1.227,10.894,0.6240000000000006
88,Mali,28,2018,0.699,0.683,1.119,0.415,1.401,1.104,0.78,6.2010000000000005,na
89,Mali,28,2019,1.886,1.836,1.849,0.415,1.444,1.317,0.493,9.24,3.0389999999999997
90,Mali,28,2020,1.886,1.412,1.849,0.415,1.444,1.317,0.493,8.816,2.615
91,Mali,28,2021,1.886,1.412,1.849,0.415,1.062,1.317,1.11,9.051,2.8499999999999996
92,Pakistan,29,2018,0.369,0.542,-0.993,-1.28,0.71,0.425,-0.691,-0.9180000000000001,na
93,Pakistan,29,2019,0.562,0.542,-0.854,-1.183,0.71,0.425,-0.826,-0.6239999999999999,0.29400000000000026
94,Pakistan,29,2020,0.096,0.542,-0.801,-1.459,-0.036,0.177,-0.826,-2.307,-1.3889999999999998
95,Pakistan,29,2021,0.441,0.542,-0.536,-1.459,-0.036,0.177,-0.826,-1.697,-0.7789999999999999
96,Peru,30,2018,2.457,1.851,2.136,2.21,1.884,1.535,1.475,13.548,na
97,Peru,30,2019,2.457,1.851,2.136,2.21,1.884,1.535,1.475,13.548,0.0
98,Peru,30,2020,2.457,1.851,2.04,2.21,1.884,0.524,0.695,11.661000000000001,-1.8869999999999987
99,Peru,30,2021,2.457,1.616,1.337,2.21,1.884,0.524,0.695,10.722999999999999,-2.825000000000001
100,Senegal,31,2018,1.607,1.736,2.129,1.164,1.636,2.051,1.799,12.121999999999998,na
101,Senegal,31,2019,1.721,1.728,2.655,0.942,1.636,1.738,1.393,11.812999999999999,-0.3089999999999993
102,Senegal,31,2020,1.721,1.728,2.655,1.417,1.636,1.919,1.478,12.553999999999998,0.4320000000000004
103,Senegal,31,2021,2.068,1.728,2.655,1.417,1.923,1.97,1.478,13.239,1.1170000000000027
104,South Sudan,32,2018,-1.971,-1.341,-1.575,0.027,-1.394,-2.102,-1.457,-9.813,na
105,South Sudan,32,2019,-1.971,-0.712,-1.575,0.091,-0.712,-1.801,-1.161,-7.840999999999999,1.9720000000000013
106,South Sudan,32,2020,-1.971,-0.92,-1.575,0.365,-1.01,-1.929,-0.957,-7.997,1.8160000000000007
107,South Sudan,32,2021,-0.654,-1.779,-1.933,0.166,0.234,-1.305,-0.636,-5.906999999999999,3.9060000000000015
108,Sudan,33,2018,-1.393,-1.281,-1.482,-1.601,-1.367,-1.084,-1.315,-9.523,na
109,Sudan,33,2019,-0.33,-0.08,-0.716,-0.802,-0.282,-0.352,-0.741,-3.303,6.22
110,Sudan,33,2020,-0.229,0.164,-0.6,-0.802,-0.471,-0.514,-0.937,-3.3890000000000002,6.1339999999999995
111,Sudan,33,2021,-0.453,-0.866,-1.332,-0.802,-1.296,-1.041,-0.937,-6.726999999999999,2.7960000000000003
112,Vietnam,34,2018,-0.258,-0.62,-0.864,-0.727,0.212,1.153,0.977,-0.12699999999999967,na
113,Vietnam,34,2019,-0.258,-0.62,-0.864,-0.852,0.092,1.153,0.977,-0.3719999999999998,-0.2450000000000001
114,Vietnam,34,2020,-0.253,-0.407,-0.864,-0.852,0.082,0.992,0.853,-0.44900000000000007,-0.3220000000000004
115,Vietnam,34,2021,-0.407,-0.543,-1.026,-1.397,0.082,0.703,0.617,-1.9710000000000005,-1.8440000000000007
116,Afghanistan,36,2018,0.394,0.889,0.609,-0.734,1.107,-0.239,-0.72,1.3059999999999998,na
117,Afghanistan,36,2019,0.488,0.577,0.609,-0.734,0.922,-0.239,-1.198,0.42500000000000027,-0.8809999999999996
118,Afghanistan,36,2020,0.488,0.688,0.609,-0.734,0.922,-0.239,-1.198,0.536,-0.7699999999999998
119,Afghanistan,36,2021,-1.128,-1.198,-0.841,-1.842,0.256,0.002,-2.779,-7.53,-8.836
120,Argentina,37,2018,2.925,2.406,2.357,2.406,2.074,2.687,1.655,16.509999999999998,na
121,Argentina,37,2019,2.442,2.325,2.357,2.406,1.107,2.687,1.655,14.979,-1.5309999999999988
122,Argentina,37,2020,2.442,2.325,2.375,2.406,1.333,1.463,0.928,13.272000000000002,-3.237999999999996
123,Argentina,37,2021,2.442,2.325,2.375,2.406,1.333,1.099,0.611,12.591000000000001,-3.918999999999997
124,Ethiopia,38,2018,0.246,-0.135,0.652,0.739,-0.401,0.496,0.216,1.813,na
125,Ethiopia,38,2019,0.467,-0.178,0.356,0.463,-0.029,0.496,0.216,1.7910000000000001,-0.021999999999999797
126,Ethiopia,38,2020,0.29,-0.178,0.17,0.463,-0.012,0.036,0.148,0.9170000000000001,-0.8959999999999998
127,Ethiopia,38,2021,0.29,0.501,0.17,0.463,-0.517,-0.051,-0.004,0.8519999999999999,-0.9610000000000001
128,India,39,2018,0.864,0.76,0.292,-0.026,1.403,1.688,0.914,5.895,na
129,India,39,2019,0.848,0.548,0.023,-0.241,1.208,0.554,0.707,3.6470000000000002,-2.2479999999999993
130,India,39,2020,0.848,0.548,-0.069,-0.271,1.208,0.554,0.649,3.4670000000000005,-2.427999999999999
131,India,39,2021,1.383,0.964,0.049,-0.175,1.226,1.176,0.866,5.489,-0.4059999999999997
132,Kenya,40,2018,1.337,1.097,1.064,1.511,0.522,0.653,0.897,7.081000000000001,na
133,Kenya,40,2019,1.337,1.0,1.064,1.511,0.522,0.653,0.897,6.984,-0.09700000000000131
134,Kenya,40,2020,1.665,1.082,2.051,1.997,0.39,0.968,0.957,9.11,2.028999999999998
135,Kenya,40,2021,1.804,1.177,1.361,1.997,0.39,0.968,1.274,8.971,1.8899999999999988
136,North Korea,41,2018,-3.242,-2.77,-3.202,-2.283,-3.585,-4.249,-3.478,-22.809,na
137,North Korea,41,2019,-3.242,-2.77,-3.202,-2.283,-3.585,-4.249,-3.478,-22.809,0.0
138,North Korea,41,2020,-3.242,-2.77,-3.202,-3.232,-3.585,-4.249,-3.478,-23.758000000000003,-0.9490000000000016
139,North Korea,41,2021,-3.242,-2.77,-3.202,-3.232,-3.585,-4.249,-3.478,-23.758000000000003,-0.9490000000000016
140,South Korea,42,2018,2.79,2.439,1.421,2.635,1.372,1.954,2.555,15.166,na
141,South Korea,42,2019,1.99,1.794,1.421,2.635,1.372,1.954,2.555,13.721,-1.4450000000000003
142,South Korea,42,2020,1.99,1.794,1.421,2.635,1.079,1.954,2.555,13.428,-1.7379999999999995
143,South Korea,42,2021,2.595,2.637,1.421,2.635,1.079,1.954,2.555,14.876000000000001,-0.28999999999999915
144,Kosovo,43,2018,2.431,1.551,1.545,1.342,1.138,0.291,0.773,9.071,na
145,Kosovo,43,2019,1.567,1.551,1.545,1.342,1.138,0.291,0.773,8.207,-0.863999999999999
146,Kosovo,43,2020,1.567,1.551,1.72,2.077,0.998,0.291,0.773,8.977,-0.09399999999999942
147,Kosovo,43,2021,1.567,1.551,1.72,2.077,1.06,0.291,0.773,9.039,-0.03200000000000003
148,Lebanon,44,2018,0.961,0.648,0.494,1.044,1.833,0.749,-0.004,5.725,na
149,Lebanon,44,2019,1.082,0.655,0.515,1.044,1.403,1.216,-0.004,5.9110000000000005,0.18600000000000083
150,Lebanon,44,2020,1.673,0.825,0.462,1.214,1.534,0.704,-0.004,6.408,0.6830000000000007
151,Lebanon,44,2021,1.007,0.846,0.437,1.191,1.534,0.39,-0.364,5.0409999999999995,-0.6840000000000002
152,Nigeria,45,2018,1.718,1.202,2.647,1.166,1.447,1.43,1.253,10.863,na
153,Nigeria,45,2019,1.645,1.202,2.518,1.166,1.327,1.43,1.253,10.541,-0.3219999999999992
154,Nigeria,45,2020,2.05,1.591,2.316,1.166,1.327,1.637,1.111,11.198,0.33500000000000085
155,Nigeria,45,2021,1.143,1.355,1.66,0.779,1.241,1.067,1.703,8.948,-1.9149999999999991
156,Philippines,46,2018,0.85,0.325,0.422,0.735,0.263,1.395,1.427,5.417,na
157,Philippines,46,2019,0.203,-0.225,0.689,0.735,0.263,1.395,1.427,4.487,-0.9299999999999997
158,Philippines,46,2020,0.203,-0.225,-0.066,0.735,0.263,1.395,1.427,3.732,-1.6849999999999996
159,Philippines,46,2021,0.203,-0.225,-0.066,0.735,0.263,0.958,1.024,2.892,-2.525
160,Tanzania,47,2018,0.754,0.753,0.568,0.533,0.472,1.047,1.365,5.492,na
161,Tanzania,47,2019,0.511,0.452,0.564,0.533,0.142,1.047,1.365,4.614,-0.8780000000000001
162,Tanzania,47,2020,0.511,0.452,0.564,0.533,0.142,0.649,0.906,3.757,-1.7349999999999999
163,Tanzania,47,2021,0.649,0.604,0.827,0.788,0.459,0.966,1.477,5.7700000000000005,0.27800000000000047
164,Taiwan,48,2018,2.348,2.55,2.388,2.595,2.119,2.256,2.274,16.53,na
165,Taiwan,48,2019,2.348,2.55,2.886,2.595,1.762,2.256,2.274,16.671,0.14099999999999824
166,Taiwan,48,2020,2.348,2.55,2.383,2.595,0.91,2.256,2.274,15.315999999999999,-1.2140000000000022
167,Taiwan,48,2021,2.348,2.55,2.383,2.595,0.91,2.256,2.274,15.315999999999999,-1.2140000000000022
168,Thailand,49,2018,-0.647,-0.603,-1.324,1.213,0.739,0.698,0.883,0.9590000000000002,na
169,Thailand,49,2019,-0.647,-0.603,-0.834,1.213,1.117,0.698,0.883,1.827,0.8679999999999998
170,Thailand,49,2020,-1.356,-1.38,-0.834,1.213,-0.179,-0.165,0.023,-2.6779999999999995,-3.6369999999999996
171,Thailand,49,2021,-1.356,-1.38,-0.834,1.532,-0.179,-0.165,0.023,-2.3589999999999995,-3.3179999999999996
172,Uganda,50,2018,0.133,0.019,0.504,1.093,0.398,0.682,0.877,3.7060000000000004,na
173,Uganda,50,2019,-0.115,-0.187,0.504,0.756,0.398,0.682,0.339,2.377,-1.3290000000000006
174,Uganda,50,2020,0.114,0.016,0.34,0.719,0.398,0.02,0.339,1.9460000000000002,-1.7600000000000002
175,Uganda,50,2021,0.028,0.074,-0.196,0.29,0.422,-0.151,-0.375,0.09199999999999986,-3.6140000000000008
176,Venezuela,51,2018,-0.687,-0.874,-0.513,0.477,-1.175,0.472,0.695,-1.6050000000000004,na
177,Venezuela,51,2019,-1.175,-1.21,-0.833,0.477,-1.248,0.472,0.756,-2.761,-1.1559999999999997
178,Venezuela,51,2020,-1.038,-0.796,-0.744,0.519,-1.167,0.472,0.756,-1.998,-0.39299999999999957
179,Venezuela,51,2021,-1.038,-0.966,-0.83,0.519,-0.66,1.325,1.769,0.11899999999999977,1.7240000000000002
180,Benin,52,2018,1.802,2.397,1.901,2.455,1.709,2.187,2.327,14.777999999999999,na
181,Benin,52,2019,0.658,0.865,1.397,2.455,1.709,2.187,2.327,11.597999999999999,-3.1799999999999997
182,Benin,52,2020,0.51,0.947,1.397,2.455,1.709,2.187,2.327,11.532,-3.2459999999999987
183,Benin,52,2021,0.51,0.947,1.397,2.455,1.709,2.187,2.327,11.532,-3.2459999999999987
184,Bhutan,53,2018,0.611,0.59,0.106,-0.512,-0.034,1.042,1.066,2.869,na
185,Bhutan,53,2019,0.611,0.59,0.259,-0.512,-0.034,1.042,1.066,3.0220000000000002,0.15300000000000002
186,Bhutan,53,2020,0.754,0.59,0.379,-0.512,-0.034,1.042,1.066,3.285,0.4159999999999999
187,Bhutan,53,2021,1.185,0.817,0.262,-0.783,-0.034,0.561,0.755,2.763,-0.10600000000000032
188,Burkina Faso,54,2018,1.595,2.197,2.033,1.191,0.867,0.929,0.611,9.423,na
189,Burkina Faso,54,2019,0.89,0.876,2.033,1.146,0.575,0.636,0.792,6.948,-2.4749999999999996
190,Burkina Faso,54,2020,0.695,1.017,2.033,1.146,0.575,0.636,0.792,6.894,-2.529
191,Burkina Faso,54,2021,0.695,0.887,2.033,1.146,0.575,1.335,0.792,7.462999999999999,-1.9600000000000009
192,Cambodia,55,2018,-0.601,-0.504,-0.954,0.419,-0.417,0.832,0.751,-0.4740000000000001,na
193,Cambodia,55,2019,-0.616,-0.553,-0.954,0.26,-0.281,0.832,0.751,-0.5610000000000003,-0.08700000000000019
194,Cambodia,55,2020,-0.536,-0.605,-0.954,0.26,-0.405,0.259,0.113,-1.8679999999999999,-1.3939999999999997
195,Cambodia,55,2021,-0.9,-0.931,-0.954,0.922,-0.376,0.259,0.113,-1.867,-1.3929999999999998
196,Indonesia,56,2018,1.381,1.145,1.231,0.067,1.004,1.184,0.865,6.877,na
197,Indonesia,56,2019,1.381,0.87,1.231,0.067,1.004,1.184,0.865,6.602000000000001,-0.2749999999999986
198,Indonesia,56,2020,0.537,0.351,1.231,-0.069,1.4,1.184,0.865,5.4990000000000006,-1.3779999999999992
199,Indonesia,56,2021,0.537,0.351,1.231,-0.069,0.863,1.184,0.865,4.962000000000001,-1.9149999999999991
200,Mozambique,57,2018,0.327,0.079,0.189,1.753,1.132,0.769,0.559,4.808,na
201,Mozambique,57,2019,0.327,0.273,0.003,1.753,1.132,1.006,0.559,5.053,0.2450000000000001
202,Mozambique,57,2020,0.581,0.493,0.338,1.367,1.132,1.006,0.559,5.476,0.6680000000000001
203,Mozambique,57,2021,0.581,0.28,0.01,1.367,1.132,0.752,0.298,4.42,-0.3879999999999999
204,Nepal,58,2018,1.523,1.303,1.471,0.927,1.111,1.73,0.183,8.248,na
205,Nepal,58,2019,1.38,1.086,1.06,0.718,0.84,1.73,-0.016,6.798,-1.4499999999999993
206,Nepal,58,2020,1.509,1.215,1.284,0.718,0.984,2.077,0.149,7.936,-0.3119999999999994
207,Nepal,58,2021,1.298,1.339,0.951,0.469,0.984,1.511,0.149,6.7010000000000005,-1.5469999999999988
208,Nicaragua,59,2018,-1.8,-1.311,-2.337,0.753,-0.538,-0.911,0.252,-5.892,na
209,Nicaragua,59,2019,-2.0,-1.01,-2.337,0.597,-1.17,-0.542,0.456,-6.005999999999999,-0.11399999999999899
210,Nicaragua,59,2020,-2.044,-1.273,-2.088,0.597,-0.884,-0.623,0.359,-5.956,-0.06400000000000006
211,Nicaragua,59,2021,-2.37,-1.678,-2.088,0.514,-1.502,-0.763,0.22,-7.667,-1.7749999999999995
212,Niger,60,2018,2.038,1.413,2.003,1.116,0.118,1.504,1.386,9.578,na
213,Niger,60,2019,1.673,1.587,1.803,0.958,1.755,1.504,1.325,10.604999999999999,1.0269999999999992
214,Niger,60,2020,1.142,1.615,1.803,0.958,1.03,1.504,1.144,9.196,-0.3819999999999997
215,Niger,60,2021,1.305,1.615,1.803,0.958,1.104,1.356,1.154,9.295,-0.2829999999999995
216,Zambia,61,2018,0.707,0.559,0.554,2.136,1.263,0.876,1.016,7.111000000000001,na
217,Zambia,61,2019,1.358,1.355,1.306,1.507,1.732,1.549,1.308,10.115,3.0039999999999996
218,Zambia,61,2020,0.495,0.499,0.465,0.711,1.732,1.549,1.659,7.11,-0.001000000000000334
219,Zambia,61,2021,1.202,0.499,1.304,1.503,1.732,0.872,1.321,8.433,1.3219999999999992
220,Zimbabwe,62,2018,-0.676,-0.865,-0.486,1.687,1.072,0.858,1.025,2.6149999999999998,na
221,Zimbabwe,62,2019,-0.814,-0.865,-0.655,1.687,1.072,0.858,1.025,2.3080000000000003,-0.3069999999999995
222,Zimbabwe,62,2020,-0.923,-0.962,-1.094,1.687,0.981,0.633,1.025,1.347,-1.2679999999999998
223,Zimbabwe,62,2021,-0.758,-0.796,-0.854,1.326,0.656,0.23,0.602,0.40600000000000014,-2.2089999999999996
224,Guinea,63,2018,-0.658,-0.164,-0.447,1.946,1.196,1.768,0.154,3.795,na
225,Guinea,63,2019,-0.838,-0.337,-0.848,1.146,0.88,0.956,-0.127,0.8319999999999997,-2.963
226,Guinea,63,2020,-1.283,-0.646,-0.848,1.146,-0.324,0.368,-0.127,-1.7139999999999997,-5.5089999999999995
227,Guinea,63,2021,-1.283,-0.646,-0.848,1.146,-0.324,0.368,-1.298,-2.885,-6.68
228,Ivory Coast,64,2018,1.307,1.548,1.129,1.681,1.106,0.615,0.921,8.307,na
229,Ivory Coast,64,2019,1.171,1.246,1.129,1.681,1.106,0.615,0.921,7.869000000000001,-0.4379999999999997
230,Ivory Coast,64,2020,0.449,0.424,1.443,1.681,0.86,0.615,1.084,6.556000000000001,-1.7509999999999994
231,Ivory Coast,64,2021,0.651,0.424,1.443,1.681,0.86,0.615,1.084,6.758000000000001,-1.5489999999999995
232,Mauritania,65,2018,1.083,0.715,0.31,-2.038,0.178,0.824,0.402,1.4740000000000002,na
233,Mauritania,65,2019,1.302,1.028,1.054,-1.107,0.641,0.995,0.562,4.4750000000000005,3.0010000000000003
234,Mauritania,65,2020,1.302,1.028,0.284,-1.107,0.939,0.995,0.713,4.154,2.6799999999999997
235,Mauritania,65,2021,0.985,0.567,0.284,-2.406,0.502,0.995,0.713,1.64,0.1659999999999997
236,Canada,66,2018,2.17,2.342,2.294,2.058,2.393,1.316,1.543,14.116000000000001,na
237,Canada,66,2019,2.534,2.609,2.714,2.058,2.393,1.122,1.539,14.969,0.852999999999998
238,Canada,66,2020,2.534,2.139,2.714,2.058,2.393,1.719,1.539,15.096,0.9799999999999986
239,Canada,66,2021,2.534,2.449,2.714,2.058,2.393,1.719,1.811,15.677999999999999,1.5619999999999976
240,Australia,67,2018,2.42,2.823,1.459,2.276,2.003,1.498,1.815,14.293999999999999,na
241,Australia,67,2019,2.42,2.823,1.37,2.276,2.103,1.498,1.815,14.304999999999998,0.010999999999999233
242,Australia,67,2020,2.42,2.823,2.248,2.276,1.801,1.432,1.6,14.6,0.30600000000000094
243,Australia,67,2021,2.42,2.823,2.248,2.276,1.02,1.432,1.6,13.818999999999999,-0.47499999999999964
244,Botswana,68,2018,1.999,1.57,1.31,1.972,2.499,1.436,1.659,12.445,na
245,Botswana,68,2019,1.513,1.57,1.31,1.356,2.499,1.436,1.659,11.343000000000002,-1.1019999999999985
246,Botswana,68,2020,2.047,1.314,1.31,1.356,2.082,1.436,1.659,11.204,-1.2409999999999997
247,Botswana,68,2021,2.047,1.314,1.934,1.784,2.082,1.436,1.659,12.256,-0.18900000000000006
248,Burundi,69,2018,-2.58,-1.776,-1.455,1.483,-1.126,-1.242,-0.289,-6.9849999999999985,na
249,Burundi,69,2019,-1.814,-1.463,-1.503,1.483,-1.479,-0.542,-0.11,-5.428,1.5569999999999986
250,Burundi,69,2020,-1.296,-0.634,-1.503,1.483,-1.016,-0.935,-0.11,-4.011,2.9739999999999984
251,Burundi,69,2021,-1.694,-1.516,-1.409,1.013,-1.579,-0.313,-0.11,-5.608,1.376999999999999
252,Cape Verde,70,2018,2.523,1.59,1.399,2.408,2.474,1.933,1.801,14.128,na
253,Cape Verde,70,2019,2.523,1.59,1.508,2.408,2.474,1.933,1.775,14.211,0.08300000000000018
254,Cape Verde,70,2020,2.523,1.59,1.597,2.408,2.474,1.933,1.775,14.3,0.1720000000000006
255,Cape Verde,70,2021,2.523,1.59,1.597,2.408,2.474,1.933,1.775,14.3,0.1720000000000006
256,Central African Republic,71,2018,1.136,0.255,1.188,1.134,0.088,-0.454,-0.157,3.1899999999999995,na
257,Central African Republic,71,2019,0.189,0.255,1.188,1.553,-0.064,-0.454,-0.157,2.5099999999999993,-0.6800000000000002
258,Central African Republic,71,2020,1.112,0.407,1.188,1.124,0.227,-0.554,-0.025,3.4789999999999996,0.28900000000000015
259,Central African Republic,71,2021,0.745,0.203,2.342,1.688,-0.303,-0.036,-0.025,4.614,1.4240000000000004
260,Chile,72,2018,1.892,2.677,2.972,2.166,2.673,2.567,2.558,17.505000000000003,na
261,Chile,72,2019,1.892,1.892,2.237,2.166,2.673,2.567,2.558,15.985,-1.5200000000000031
262,Chile,72,2020,2.844,2.803,2.237,2.133,1.435,1.529,1.165,14.146,-3.3590000000000018
263,Chile,72,2021,2.844,2.803,2.237,2.133,1.435,1.529,1.165,14.146,-3.3590000000000018
264,Costa Rica,73,2018,2.648,2.53,2.959,2.102,2.234,1.361,2.228,16.062,na
265,Costa Rica,73,2019,2.648,2.53,2.959,1.742,2.234,1.361,2.228,15.702000000000002,-0.35999999999999943
266,Costa Rica,73,2020,2.648,2.53,2.959,1.964,2.234,1.361,2.228,15.924000000000001,-0.1379999999999999
267,Costa Rica,73,2021,2.648,2.53,2.959,1.964,2.234,1.361,2.228,15.924000000000001,-0.1379999999999999
268,Timor-Leste,74,2018,2.11,1.602,1.654,1.228,1.527,0.992,1.332,10.445,na
269,Timor-Leste,74,2019,2.11,1.975,1.788,1.228,1.527,0.992,1.332,10.952000000000002,0.5070000000000014
270,Timor-Leste,74,2020,1.812,1.599,1.788,1.228,0.396,0.137,0.345,7.304999999999999,-3.1400000000000015
271,Timor-Leste,74,2021,1.812,1.599,1.788,1.228,0.396,0.355,0.616,7.793999999999999,-2.6510000000000016
272,Ecuador,75,2018,2.452,2.668,1.265,2.076,1.987,1.215,1.945,13.608,na
273,Ecuador,75,2019,2.452,2.668,1.265,1.396,1.987,1.215,1.945,12.928,-0.6799999999999997
274,Ecuador,75,2020,2.452,2.668,1.265,1.989,1.987,1.215,1.945,13.521,-0.08699999999999974
275,Ecuador,75,2021,2.452,2.684,1.217,1.989,2.009,1.215,1.945,13.511000000000001,-0.09699999999999953
276,France,76,2018,2.53,2.504,3.167,1.531,2.386,2.153,2.398,16.669000000000004,na
277,France,76,2019,2.53,2.504,3.167,1.531,2.386,2.153,2.398,16.669000000000004,0.0
278,France,76,2020,2.53,2.504,3.167,1.531,2.386,1.298,1.603,15.019000000000002,-1.6500000000000021
279,France,76,2021,2.53,2.504,3.167,1.531,2.386,1.298,1.603,15.019000000000002,-1.6500000000000021
280,Germany,77,2018,2.94,2.69,2.559,1.988,2.739,2.202,2.37,17.488,na
281,Germany,77,2019,2.94,2.69,2.559,1.988,2.739,2.202,2.37,17.488,0.0
282,Germany,77,2020,2.94,2.69,2.035,1.988,2.739,2.202,2.37,16.964,-0.5240000000000009
283,Germany,77,2021,2.94,2.69,2.035,1.988,2.739,2.202,2.37,16.964,-0.5240000000000009
284,Guatemala,78,2018,1.023,0.727,1.482,1.546,1.605,1.466,0.689,8.538,na
285,Guatemala,78,2019,1.023,0.727,0.945,1.546,1.605,1.466,0.689,8.001,-0.5370000000000008
286,Guatemala,78,2020,1.023,0.727,1.481,1.546,0.795,1.384,0.562,7.518,-1.0200000000000005
287,Guatemala,78,2021,1.023,0.856,1.481,1.546,1.531,1.384,0.77,8.591,0.05299999999999905
288,Iran,79,2018,-0.065,-0.555,-0.819,-1.707,-0.673,0.937,-0.769,-3.651,na
289,Iran,79,2019,-0.065,-0.555,-0.926,-1.707,-0.673,0.937,-0.769,-3.758,-0.1070000000000002
290,Iran,79,2020,-0.065,-0.555,-0.926,-1.707,-0.673,0.937,-0.676,-3.665,-0.014000000000000234
291,Iran,79,2021,-0.065,-0.555,-0.928,-1.707,-0.673,0.937,-0.866,-3.8569999999999998,-0.20599999999999996
292,Iraq,80,2018,-0.343,-0.819,0.106,-0.481,0.733,0.812,-0.647,-0.6389999999999999,na
293,Iraq,80,2019,-0.343,-0.819,-0.146,-0.738,0.733,0.812,-0.647,-1.1479999999999997,-0.5089999999999998
294,Iraq,80,2020,-0.51,-0.939,-0.44,-0.945,0.775,0.174,-0.776,-2.6609999999999996,-2.022
295,Iraq,80,2021,-0.51,-0.939,0.119,-0.945,0.775,0.174,-0.776,-2.1020000000000003,-1.4630000000000005
296,Ireland,81,2018,2.916,2.862,2.739,1.406,1.817,1.959,2.118,15.817,na
297,Ireland,81,2019,2.916,2.862,2.739,1.406,2.245,1.959,2.118,16.244999999999997,0.42799999999999727
298,Ireland,81,2020,2.916,2.862,2.739,2.168,2.245,1.959,2.118,17.006999999999998,1.1899999999999977
299,Ireland,81,2021,2.916,2.862,2.739,2.168,2.245,1.959,1.25,16.139,0.3219999999999992
300,Italy,82,2018,2.673,3.235,2.581,2.164,2.699,1.668,2.599,17.619,na
301,Italy,82,2019,2.673,3.235,2.05,2.164,2.699,2.258,2.599,17.678,0.05900000000000105
302,Italy,82,2020,2.673,2.719,1.933,2.164,1.623,1.269,1.3,13.681,-3.9380000000000006
303,Italy,82,2021,2.673,2.796,1.933,2.164,1.563,1.103,1.3,13.532,-4.087
304,Jordan,83,2018,0.633,0.865,0.854,-0.119,0.97,1.006,-0.515,3.6939999999999995,na
305,Jordan,83,2019,0.633,0.865,0.658,-0.119,0.97,1.294,-0.206,4.095,0.40100000000000025
306,Jordan,83,2020,0.581,0.865,0.353,-0.504,0.656,1.294,-0.206,3.039,-0.6549999999999994
307,Jordan,83,2021,0.581,0.865,0.313,-0.504,0.967,1.521,-0.206,3.537,-0.15699999999999958
308,Latvia,84,2018,2.839,2.77,2.437,2.187,2.086,1.916,2.435,16.669999999999998,na
309,Latvia,84,2019,2.839,2.77,2.685,2.187,2.03,1.916,2.435,16.862,0.19200000000000017
310,Latvia,84,2020,2.839,2.77,2.685,2.187,2.03,1.916,2.435,16.862,0.19200000000000017
311,Latvia,84,2021,2.839,2.77,2.685,2.187,2.03,1.916,2.435,16.862,0.19200000000000017
312,Lesotho,85,2018,0.857,0.781,1.106,2.005,1.544,1.506,1.065,8.863999999999999,na
313,Lesotho,85,2019,1.134,1.027,1.274,2.366,1.717,1.506,0.796,9.82,0.9560000000000013
314,Lesotho,85,2020,1.579,1.515,1.511,2.248,1.551,1.506,1.526,11.436,2.572000000000001
315,Lesotho,85,2021,1.579,1.406,1.778,1.709,1.157,0.943,0.934,9.505999999999998,0.6419999999999995
316,Liberia,86,2018,1.376,1.448,1.481,1.02,2.443,1.798,1.378,10.943999999999999,na
317,Liberia,86,2019,1.376,1.448,2.303,1.02,2.443,1.798,1.378,11.766,0.822000000000001
318,Liberia,86,2020,2.206,2.261,2.303,1.02,2.443,1.798,1.378,13.409,2.4650000000000016
319,Liberia,86,2021,2.206,2.261,2.303,1.02,2.443,1.798,1.378,13.409,2.4650000000000016
320,Malawi,87,2018,1.551,1.117,1.341,1.582,1.978,1.153,1.294,10.016,na
321,Malawi,87,2019,1.794,2.358,1.081,1.582,2.003,1.758,1.287,11.863,1.8469999999999995
322,Malawi,87,2020,1.794,1.266,1.413,1.706,2.069,1.859,1.404,11.511000000000001,1.495000000000001
323,Malawi,87,2021,1.794,1.03,1.717,1.706,1.987,1.859,1.404,11.497,1.4809999999999999
324,Maldives,88,2018,0.148,-0.052,-0.872,-2.253,0.604,0.997,0.052,-1.376,na
325,Maldives,88,2019,2.035,1.779,1.094,-2.253,0.869,1.436,0.256,5.216,6.5920000000000005
326,Maldives,88,2020,2.035,1.945,1.391,-2.376,0.931,1.436,0.256,5.618,6.994
327,Maldives,88,2021,2.035,1.575,1.391,-2.376,0.931,0.784,0.256,4.596000000000001,5.972000000000001
328,Mongolia,89,2018,2.915,2.768,1.783,2.094,2.319,1.289,1.331,14.498999999999997,na
329,Mongolia,89,2019,2.915,2.768,1.446,1.638,2.319,1.289,1.331,13.705999999999998,-0.7929999999999993
330,Mongolia,89,2020,2.915,2.768,1.446,1.184,1.301,1.289,1.331,12.233999999999998,-2.264999999999999
331,Mongolia,89,2021,2.915,2.768,1.446,1.184,1.301,1.289,1.331,12.233999999999998,-2.264999999999999
332,Morocco,90,2018,1.072,1.017,0.465,-1.16,1.383,1.269,-0.62,3.426,na
333,Morocco,90,2019,0.012,1.017,0.465,-1.16,1.383,1.269,-0.62,2.3659999999999997,-1.0600000000000005
334,Morocco,90,2020,0.012,1.017,0.465,-1.16,1.383,1.269,-0.62,2.3659999999999997,-1.0600000000000005
335,Morocco,90,2021,0.012,1.017,0.465,-1.16,1.383,1.269,-0.62,2.3659999999999997,-1.0600000000000005
336,Netherlands,91,2018,2.267,2.507,2.337,2.421,1.638,2.076,1.807,15.053,na
337,Netherlands,91,2019,2.267,1.847,1.798,2.421,1.638,2.076,2.362,14.409,-0.6440000000000001
338,Netherlands,91,2020,2.267,2.094,1.798,2.421,1.638,1.195,2.362,13.775,-1.2780000000000005
339,Netherlands,91,2021,2.267,1.784,1.798,2.421,1.638,1.195,1.533,12.636,-2.4170000000000016
340,Panama,92,2018,1.257,1.588,2.346,2.103,1.384,0.583,1.896,11.157,na
341,Panama,92,2019,1.326,1.169,2.346,2.103,1.384,0.583,1.896,10.807000000000002,-0.34999999999999787
342,Panama,92,2020,1.326,1.169,2.346,2.103,1.384,0.583,1.896,10.807000000000002,-0.34999999999999787
343,Panama,92,2021,2.103,1.929,2.608,2.103,1.384,0.583,1.896,12.606000000000002,1.4490000000000016
344,Papua New Guinea,93,2018,1.175,0.704,1.095,1.687,1.319,2.076,1.123,9.179,na
345,Papua New Guinea,93,2019,1.175,1.328,1.095,1.687,1.319,2.076,1.123,9.802999999999999,0.6239999999999988
346,Papua New Guinea,93,2020,1.661,1.328,1.537,1.687,1.319,2.076,1.123,10.731,1.5519999999999996
347,Papua New Guinea,93,2021,1.661,1.328,1.537,1.687,0.759,2.076,0.548,9.596,0.4169999999999998
348,Qatar,94,2018,-1.108,-1.353,-0.408,-1.588,0.82,0.616,-1.748,-4.769000000000001,na
349,Qatar,94,2019,-1.334,-1.593,-0.408,-1.294,0.82,0.56,-1.748,-4.997,-0.22799999999999887
350,Qatar,94,2020,-1.23,-1.477,-0.596,-1.597,0.82,0.668,-1.748,-5.16,-0.3909999999999991
351,Qatar,94,2021,-1.714,-1.91,-1.229,-2.051,0.119,-0.087,-2.011,-8.883,-4.113999999999998
352,Sierra Leone,95,2018,1.935,2.253,1.691,2.299,1.312,1.415,1.153,12.058000000000002,na
353,Sierra Leone,95,2019,1.363,1.346,1.518,1.528,1.279,1.149,0.953,9.136,-2.9220000000000024
354,Sierra Leone,95,2020,1.363,1.346,1.518,1.528,1.279,1.86,0.953,9.847,-2.211000000000002
355,Sierra Leone,95,2021,1.363,1.589,1.518,1.528,1.279,1.86,0.953,10.089999999999998,-1.9680000000000035
356,Spain,96,2018,1.745,1.943,2.598,1.806,2.774,2.405,2.602,15.873,na
357,Spain,96,2019,1.745,1.943,2.354,1.806,2.774,2.405,2.602,15.629,-0.24399999999999977
358,Spain,96,2020,1.745,1.943,2.354,1.271,1.914,1.618,1.866,12.711,-3.161999999999999
359,Spain,96,2021,1.745,1.943,2.354,1.271,1.914,1.727,1.971,12.925,-2.9479999999999986
360,Syria,97,2018,-2.437,-2.392,-2.348,-1.806,-1.319,-1.091,-1.526,-12.918999999999999,na
361,Syria,97,2019,-2.437,-2.392,-2.348,-1.434,-1.396,-1.091,-1.526,-12.623999999999997,0.2950000000000017
362,Syria,97,2020,-2.045,-2.769,-2.348,-1.434,-1.333,-1.219,-1.969,-13.116999999999999,-0.1980000000000004
363,Syria,97,2021,-2.14,-2.399,-2.348,-1.687,-1.425,-1.386,-1.757,-13.142,-0.22300000000000075
364,Tunisia,98,2018,1.167,1.106,0.895,0.345,1.263,1.291,1.209,7.276,na
365,Tunisia,98,2019,1.167,1.106,0.895,0.345,1.531,1.291,1.209,7.543999999999999,0.2679999999999989
366,Tunisia,98,2020,1.167,1.106,0.895,0.345,1.531,1.291,1.209,7.543999999999999,0.2679999999999989
367,Tunisia,98,2021,0.865,1.036,0.986,0.345,0.887,1.291,1.209,6.619,-0.657
368,Turkey,99,2018,-1.64,-1.581,-2.191,-0.792,-0.864,0.739,-0.641,-6.97,na
369,Turkey,99,2019,-1.502,-1.514,-2.042,-0.792,-1.075,0.697,-0.641,-6.869,0.10099999999999998
370,Turkey,99,2020,-1.235,-1.396,-2.042,-0.792,-0.942,0.731,-0.641,-6.317,0.6529999999999996
371,Turkey,99,2021,-1.184,-1.416,-2.042,-0.792,-0.942,0.815,-0.641,-6.202,0.7679999999999998
372,Ukraine,100,2018,1.178,1.104,0.279,0.5,0.947,1.368,1.827,7.203,na
373,Ukraine,100,2019,1.108,1.148,0.535,0.501,0.947,1.368,1.827,7.434,0.23099999999999987
374,Ukraine,100,2020,1.326,1.305,0.635,0.612,1.298,1.368,1.827,8.371,1.1680000000000001
375,Ukraine,100,2021,1.227,1.289,0.891,0.612,1.298,1.255,1.565,8.137,0.9340000000000002
376,United Kingdom,101,2018,2.669,2.705,3.087,1.955,1.72,1.79,1.997,15.923000000000002,na
377,United Kingdom,101,2019,2.669,2.705,3.087,1.75,1.72,1.79,1.997,15.718,-0.20500000000000185
378,United Kingdom,101,2020,2.669,2.705,2.108,2.018,0.666,1.189,1.449,12.804,-3.1190000000000015
379,United Kingdom,101,2021,2.669,2.705,1.803,1.421,0.46,1.189,1.449,11.696000000000002,-4.227
380,Uruguay,102,2018,3.244,2.354,3.606,1.797,2.037,1.809,1.751,16.598,na
381,Uruguay,102,2019,3.244,2.354,3.606,1.797,2.037,1.809,1.751,16.598,0.0
382,Uruguay,102,2020,3.244,2.354,3.606,2.138,1.463,1.809,1.751,16.365,-0.23300000000000054
383,Uruguay,102,2021,1.953,1.308,1.801,2.138,2.08,1.809,1.751,12.84,-3.757999999999999
384,Algeria,103,2018,0.882,0.525,0.495,-1.329,0.323,1.589,0.505,2.99,na
385,Algeria,103,2019,0.792,0.481,0.079,-1.059,0.323,1.589,1.065,3.27,0.2799999999999998
386,Algeria,103,2020,0.514,0.223,0.079,-1.059,0.323,1.589,1.065,2.734,-0.2560000000000002
387,Algeria,103,2021,0.45,0.121,0.079,-1.059,-0.018,0.628,0.313,0.514,-2.476
388,Angola,104,2018,0.322,0.12,-0.112,0.162,0.604,1.116,1.007,3.2190000000000003,na
389,Angola,104,2019,0.322,0.229,0.066,-0.054,0.604,1.272,1.007,3.4459999999999997,0.22699999999999942
390,Angola,104,2020,0.533,0.405,0.066,0.078,0.604,1.272,1.007,3.965,0.7459999999999996
391,Angola,104,2021,0.519,0.386,-0.084,0.078,0.604,1.272,0.489,3.2640000000000002,0.04499999999999993
392,Armenia,105,2018,2.543,2.426,1.387,0.816,1.859,2.164,2.025,13.219999999999999,na
393,Armenia,105,2019,2.236,2.104,1.879,0.816,1.859,2.164,2.025,13.082999999999998,-0.13700000000000045
394,Armenia,105,2020,2.236,2.104,1.608,0.816,1.859,2.164,2.025,12.812000000000001,-0.4079999999999977
395,Armenia,105,2021,2.15,1.739,1.504,0.976,1.975,2.164,2.025,12.533000000000001,-0.6869999999999976
396,Azerbaijan,106,2018,-1.004,-0.96,-0.961,-0.805,-0.617,0.87,0.605,-2.8719999999999994,na
397,Azerbaijan,106,2019,-0.65,-0.655,-1.274,-0.786,-0.484,0.87,0.754,-2.225,0.6469999999999994
398,Azerbaijan,106,2020,-0.784,-0.845,-1.274,-0.574,-0.454,0.847,0.887,-2.197,0.6749999999999994
399,Azerbaijan,106,2021,-0.481,-0.745,-0.83,-0.74,-0.265,0.847,0.547,-1.6670000000000003,1.2049999999999992
400,Belarus,107,2018,0.789,0.746,-0.467,0.271,1.356,1.911,2.391,6.997,na
401,Belarus,107,2019,0.789,0.746,-0.559,0.271,1.144,1.911,2.391,6.693,-0.30400000000000027
402,Belarus,107,2020,-1.8,-1.848,-1.574,-0.185,-1.78,0.511,0.696,-5.98,-12.977
403,Belarus,107,2021,-2.392,-2.37,-3.019,-0.358,-2.123,0.745,0.894,-8.623000000000001,-15.620000000000001
404,Cameroon,108,2018,0.148,0.261,0.379,1.338,-0.551,0.44,0.833,2.848,na
405,Cameroon,108,2019,0.239,0.356,0.292,1.508,-0.419,0.86,0.833,3.6689999999999996,0.8209999999999997
406,Cameroon,108,2020,0.352,0.423,0.292,1.508,-0.419,0.86,0.833,3.849,1.0010000000000003
407,Cameroon,108,2021,0.674,0.831,-0.116,1.79,-0.419,0.86,0.833,4.452999999999999,1.6049999999999995
408,Chad,109,2018,-0.29,-0.335,0.779,0.367,-0.462,0.875,0.933,1.867,na
409,Chad,109,2019,-0.29,0.079,1.632,0.923,-0.462,0.875,0.933,3.6899999999999995,1.8229999999999995
410,Chad,109,2020,-0.29,0.079,1.632,0.923,-0.6,0.02,0.933,2.697,0.8300000000000001
411,Chad,109,2021,-0.448,0.079,1.096,0.923,-0.6,0.02,0.912,1.9820000000000002,0.11500000000000021
412,China,110,2018,-1.194,-1.132,-2.375,-2.663,-0.795,-0.714,-0.541,-9.414,na
413,China,110,2019,-1.194,-1.132,-2.709,-2.663,-1.149,-0.872,-0.685,-10.404000000000002,-0.990000000000002
414,China,110,2020,-1.115,-1.132,-1.926,-2.663,-1.434,-1.049,-0.801,-10.12,-0.7059999999999995
415,China,110,2021,-1.115,-1.132,-2.372,-2.665,-1.415,-1.049,-0.801,-10.549,-1.1349999999999998
416,Democratic Republic of the Congo,111,2018,0.119,0.104,0.419,1.065,0.599,0.035,0.292,2.633,na
417,Democratic Republic of the Congo,111,2019,0.165,0.375,0.66,1.065,0.683,0.121,0.369,3.4380000000000006,0.8050000000000006
418,Democratic Republic of the Congo,111,2020,0.316,0.375,0.856,0.844,0.396,-0.105,0.342,3.024,0.391
419,Democratic Republic of the Congo,111,2021,0.921,1.075,1.326,0.738,0.511,0.471,0.819,5.861000000000001,3.2280000000000006
420,Republic of the Congo,112,2018,-1.515,-1.206,-1.221,0.898,-0.242,-0.468,-0.712,-4.466,na
421,Republic of the Congo,112,2019,-1.894,-1.206,-1.494,0.898,-0.242,-0.822,-0.712,-5.471999999999999,-1.0059999999999985
422,Republic of the Congo,112,2020,-2.091,-2.422,-0.768,1.34,-0.443,-0.822,-1.278,-6.484,-2.018
423,Republic of the Congo,112,2021,-2.091,-2.422,-0.768,1.34,-0.214,-0.672,-1.378,-6.205,-1.7389999999999999
424,Djibouti,113,2018,0.248,-0.172,0.586,-0.036,-0.694,0.605,0.251,0.7879999999999999,na
425,Djibouti,113,2019,0.406,-0.172,0.586,-0.036,-0.694,0.497,0.187,0.774,-0.013999999999999901
426,Djibouti,113,2020,0.465,-0.13,0.229,-0.036,-0.823,0.497,0.187,0.38900000000000007,-0.39899999999999985
427,Djibouti,113,2021,0.465,-0.13,0.229,-0.036,-0.823,0.497,0.187,0.38900000000000007,-0.39899999999999985
428,Dominican Republic,114,2018,2.301,2.078,0.969,1.853,2.298,1.328,1.445,12.271999999999998,na
429,Dominican Republic,114,2019,2.301,2.078,0.83,1.853,2.298,1.328,1.445,12.133,-0.13899999999999935
430,Dominican Republic,114,2020,2.301,2.586,1.963,1.853,2.298,1.328,1.445,13.774000000000001,1.5020000000000024
431,Dominican Republic,114,2021,2.301,2.586,1.963,1.853,2.298,1.328,1.445,13.774000000000001,1.5020000000000024
432,Eritrea,115,2018,-2.617,-2.146,-2.587,-1.506,-2.465,-3.069,-1.841,-16.231,na
433,Eritrea,115,2019,-1.9,-2.146,-2.234,-2.026,-2.465,-3.064,-1.62,-15.454999999999998,0.7760000000000034
434,Eritrea,115,2020,-1.453,-2.146,-1.908,-2.239,-2.622,-3.353,-1.938,-15.658999999999999,0.5720000000000027
435,Eritrea,115,2021,-1.453,-1.631,-2.338,-2.239,-2.622,-2.926,-2.321,-15.530000000000001,0.7010000000000005
436,Gabon,116,2018,2.443,2.091,2.16,1.643,1.802,1.471,1.667,13.277000000000001,na
437,Gabon,116,2019,2.231,2.091,2.267,1.643,1.802,1.284,1.667,12.985000000000001,-0.2919999999999998
438,Gabon,116,2020,1.494,1.17,1.39,0.924,1.251,1.001,1.072,8.302,-4.975000000000001
439,Gabon,116,2021,1.494,1.17,1.39,0.924,1.251,1.001,1.072,8.302,-4.975000000000001
440,The Gambia,117,2018,1.214,1.198,1.158,1.745,1.369,2.167,1.897,10.748,na
441,The Gambia,117,2019,1.214,1.198,1.276,1.745,1.369,2.167,1.432,10.401,-0.34699999999999953
442,The Gambia,117,2020,1.214,1.198,1.276,1.745,1.369,2.167,1.548,10.517,-0.23099999999999987
443,The Gambia,117,2021,1.214,1.198,1.276,1.139,2.354,2.167,1.548,10.895999999999999,0.1479999999999997
444,Georgia,118,2018,2.29,2.615,1.749,0.969,2.329,1.963,1.83,13.745,na
445,Georgia,118,2019,2.509,2.607,1.749,0.969,2.329,1.963,1.83,13.956000000000001,0.21100000000000207
446,Georgia,118,2020,2.509,2.607,1.023,0.969,1.88,1.963,1.83,12.781,-0.9639999999999986
447,Georgia,118,2021,1.251,1.48,1.582,0.433,1.88,1.963,2.069,10.657999999999998,-3.0870000000000015
448,Guinea-Bissau,119,2018,0.983,1.368,0.875,2.163,0.728,1.333,1.36,8.809999999999999,na
449,Guinea-Bissau,119,2019,1.365,1.153,0.765,2.163,0.64,1.915,1.588,9.588999999999999,0.7789999999999999
450,Guinea-Bissau,119,2020,1.365,1.153,1.385,2.163,0.64,1.915,1.588,10.209,1.399000000000001
451,Guinea-Bissau,119,2021,2.004,1.334,2.579,2.163,1.07,1.915,1.588,12.653000000000002,3.8430000000000035
452,Jamaica,120,2018,1.749,1.811,2.847,2.126,1.993,2.046,2.426,14.998,na
453,Jamaica,120,2019,2.131,2.261,2.847,1.353,1.993,2.046,2.426,15.056999999999999,0.058999999999999275
454,Jamaica,120,2020,2.568,2.682,2.451,2.13,1.478,2.046,2.426,15.780999999999999,0.7829999999999995
455,Jamaica,120,2021,2.568,2.682,2.451,1.286,1.352,2.046,2.426,14.811,-0.1869999999999994
456,Kazakhstan,121,2018,-0.09,-0.291,-0.08,-0.572,0.663,0.644,0.834,1.108,na
457,Kazakhstan,121,2019,0.085,-0.254,-0.134,-0.314,0.663,0.644,0.834,1.524,0.4159999999999999
458,Kazakhstan,121,2020,0.085,-0.225,0.04,-0.314,0.705,1.18,1.128,2.5989999999999998,1.4909999999999997
459,Kazakhstan,121,2021,0.085,-0.1,-0.074,-0.314,0.884,1.18,1.128,2.7889999999999997,1.6809999999999996
460,Kyrgyzstan,122,2018,1.759,1.161,1.145,0.853,1.885,1.669,0.327,8.799,na
461,Kyrgyzstan,122,2019,1.263,0.808,0.872,1.079,1.885,1.127,0.327,7.360999999999999,-1.4380000000000006
462,Kyrgyzstan,122,2020,0.699,0.483,0.223,0.929,1.135,1.039,0.011,4.519,-4.279999999999999
463,Kyrgyzstan,122,2021,0.677,0.626,0.348,0.825,1.135,1.132,0.171,4.914,-3.885
464,Laos,123,2018,-2.16,-1.775,-2.58,-0.954,-0.905,-1.048,-0.592,-10.014000000000001,na
465,Laos,123,2019,-2.16,-1.775,-2.224,-0.126,-0.905,-0.291,-0.207,-7.6880000000000015,2.3259999999999996
466,Laos,123,2020,-1.905,-1.711,-1.665,-0.514,-0.905,-0.93,-0.516,-8.146,1.8680000000000003
467,Laos,123,2021,-2.336,-1.983,-1.976,-0.599,-0.905,-0.798,-0.516,-9.113000000000001,0.9009999999999998
468,Libya,124,2018,0.012,-0.489,-1.05,-1.819,-0.145,-0.868,-0.879,-5.2379999999999995,na
469,Libya,124,2019,0.012,-0.573,-1.05,-1.819,-0.317,-1.031,-0.879,-5.657,-0.4190000000000005
470,Libya,124,2020,0.012,-0.573,-0.921,-1.819,-0.317,-1.031,-0.879,-5.5280000000000005,-0.2900000000000009
471,Libya,124,2021,0.012,-0.573,-0.921,-1.819,-0.423,-1.031,-0.879,-5.634,-0.3960000000000008
472,Madagascar,125,2018,0.822,0.733,1.05,1.27,0.776,0.976,1.052,6.679,na
473,Madagascar,125,2019,0.656,0.71,0.785,0.952,0.725,0.976,1.052,5.856,-0.8230000000000004
474,Madagascar,125,2020,0.656,0.71,0.785,0.952,0.601,0.757,1.052,5.513,-1.1660000000000004
475,Madagascar,125,2021,0.333,0.581,0.785,0.952,0.601,0.757,1.052,5.061,-1.6180000000000003
476,Moldova,126,2018,1.192,1.127,0.755,1.017,1.679,1.535,1.949,9.254,na
477,Moldova,126,2019,1.819,1.697,0.755,1.017,1.679,1.535,1.949,10.451,1.197000000000001
478,Moldova,126,2020,1.819,1.697,0.89,1.679,0.821,0.675,0.842,8.423,-0.8309999999999995
479,Moldova,126,2021,1.819,1.697,1.609,1.679,0.821,1.323,1.339,10.287,1.0330000000000013
480,Namibia,127,2018,1.418,1.515,2.01,2.205,1.968,1.437,1.514,12.066999999999998,na
481,Namibia,127,2019,1.418,1.515,2.01,2.205,1.968,1.437,1.514,12.066999999999998,0.0
482,Namibia,127,2020,1.418,1.515,2.01,2.384,1.968,1.437,1.514,12.245999999999999,0.17900000000000027
483,Namibia,127,2021,1.418,1.515,2.01,2.384,1.968,1.437,1.514,12.245999999999999,0.17900000000000027
484,Palestine/West Bank,128,2018,0.337,0.66,1.393,2.226,0.098,0.267,-0.045,4.936,na
485,Palestine/West Bank,128,2019,0.659,0.66,1.238,1.405,0.098,0.267,-0.045,4.282,-0.6539999999999999
486,Palestine/West Bank,128,2020,0.659,0.66,1.238,1.405,-0.014,0.419,0.021,4.388,-0.548
487,Palestine/West Bank,128,2021,0.098,0.293,1.238,2.051,-0.014,0.284,0.021,3.971,-0.9649999999999999
488,Rwanda,129,2018,-1.479,-0.905,-1.108,0.628,-1.071,0.91,1.068,-1.9570000000000003,na
489,Rwanda,129,2019,-1.479,-0.905,-1.302,0.628,-1.151,0.91,1.068,-2.2310000000000003,-0.274
490,Rwanda,129,2020,-1.479,-1.001,-1.458,0.527,-1.397,0.91,1.068,-2.8299999999999996,-0.8729999999999993
491,Rwanda,129,2021,-1.479,-0.418,-1.458,0.409,-1.397,-0.227,-0.056,-4.626,-2.669
492,Somalia,130,2018,0.153,-0.611,-0.573,-1.603,-0.366,-1.456,-0.602,-5.058,na
493,Somalia,130,2019,-0.06,-0.611,-0.756,-1.949,-0.785,-1.982,-0.602,-6.745000000000001,-1.6870000000000012
494,Somalia,130,2020,0.156,-0.433,-0.756,-2.513,-0.785,-1.574,-0.395,-6.299999999999999,-1.241999999999999
495,Somalia,130,2021,0.156,-0.433,-0.756,-2.513,-0.785,-1.574,-0.395,-6.299999999999999,-1.241999999999999
496,Sri Lanka,131,2018,1.203,1.561,0.874,1.696,0.911,1.477,1.638,9.360000000000001,na
497,Sri Lanka,131,2019,0.744,1.29,-0.026,0.563,1.013,1.477,1.638,6.699,-2.6610000000000014
498,Sri Lanka,131,2020,0.465,0.83,-0.179,0.503,0.57,1.477,0.827,4.492999999999999,-4.867000000000002
499,Sri Lanka,131,2021,0.465,0.626,-0.179,0.503,0.369,0.899,0.827,3.51,-5.850000000000001
500,Eswatini,132,2018,-0.783,-1.191,-0.441,0.168,0.034,1.301,-0.097,-1.0090000000000001,na
501,Eswatini,132,2019,-1.06,-1.445,-0.553,0.713,0.811,0.768,-0.097,-0.8629999999999998,0.14600000000000035
502,Eswatini,132,2020,-1.084,-1.474,-0.639,0.713,0.811,0.768,-0.097,-1.002,0.007000000000000117
503,Eswatini,132,2021,-2.405,-2.502,-1.061,0.593,0.811,0.63,-0.232,-4.166,-3.157
504,Tajikistan,133,2018,-1.441,-1.758,-2.429,-2.076,-0.38,0.931,-0.105,-7.258000000000002,na
505,Tajikistan,133,2019,-1.441,-1.475,-2.102,-2.218,-0.553,0.642,-0.385,-7.532,-0.27399999999999824
506,Tajikistan,133,2020,-1.674,-1.944,-1.792,-1.992,-0.459,0.864,-0.521,-7.518,-0.259999999999998
507,Tajikistan,133,2021,-1.435,-1.67,-1.947,-2.716,-0.459,1.194,-0.354,-7.3870000000000005,-0.12899999999999867
508,Togo,134,2018,-0.464,-0.536,2.14,1.861,0.546,0.854,1.535,5.936000000000001,na
509,Togo,134,2019,-0.464,-0.536,2.14,1.861,0.594,0.987,1.994,6.576,0.6399999999999988
510,Togo,134,2020,-0.464,-0.536,2.14,1.317,0.594,0.987,1.994,6.031999999999999,0.09599999999999831
511,Togo,134,2021,-0.464,-0.536,2.14,1.317,0.594,0.987,1.994,6.031999999999999,0.09599999999999831
512,Trinidad and Tobago,135,2018,2.007,1.79,2.036,1.911,1.824,0.815,1.626,12.008999999999999,na
513,Trinidad and Tobago,135,2019,2.007,1.79,2.036,1.911,1.824,0.815,1.626,12.008999999999999,0.0
514,Trinidad and Tobago,135,2020,2.007,1.79,2.036,1.911,1.336,0.815,1.626,11.520999999999999,-0.48799999999999955
515,Trinidad and Tobago,135,2021,2.007,1.79,2.036,2.409,1.384,0.815,1.626,12.067,0.058000000000001606
516,Turkmenistan,136,2018,-1.65,-1.463,-1.901,-1.952,-1.609,-1.661,-1.292,-11.527999999999999,na
517,Turkmenistan,136,2019,-1.551,-1.463,-1.901,-1.952,-1.609,-0.779,-0.842,-10.097,1.4309999999999992
518,Turkmenistan,136,2020,-1.551,-1.463,-1.901,-2.206,-1.609,-0.779,-0.842,-10.351,1.1769999999999978
519,Turkmenistan,136,2021,-1.551,-1.463,-1.901,-2.206,-1.609,-0.779,-0.986,-10.495000000000001,1.0329999999999977
520,Palestine/Gaza,138,2018,-1.322,-1.721,-1.347,-0.346,-2.491,-1.641,-0.752,-9.620000000000001,na
521,Palestine/Gaza,138,2019,-1.151,-1.721,-1.582,-0.107,-1.944,-1.641,-0.675,-8.821000000000002,0.7989999999999995
522,Palestine/Gaza,138,2020,-1.049,-1.665,-0.672,-0.107,-1.954,-1.359,-0.519,-7.325,2.295000000000001
523,Palestine/Gaza,138,2021,-0.836,-1.593,-0.212,0.219,-1.441,-1.359,-0.767,-5.989000000000001,3.6310000000000002
524,Somaliland,139,2018,1.257,1.106,0.643,-0.302,0.723,0.856,0.343,4.626,na
525,Somaliland,139,2019,0.931,1.106,0.643,-0.489,0.634,0.669,0.226,3.7199999999999998,-0.9060000000000006
526,Somaliland,139,2020,0.931,0.805,0.643,-0.489,0.634,0.669,0.226,3.4190000000000005,-1.2069999999999999
527,Somaliland,139,2021,1.148,0.916,0.643,-0.489,0.634,0.669,0.226,3.747,-0.8790000000000004
528,Uzbekistan,140,2018,-0.276,-0.398,-0.798,-1.085,-0.484,-0.477,-0.246,-3.764,na
529,Uzbekistan,140,2019,0.085,0.081,-0.479,-0.484,-0.38,-0.183,-0.259,-1.6190000000000002,2.1449999999999996
530,Uzbekistan,140,2020,0.334,0.234,-0.479,-0.209,-0.229,-0.183,-0.259,-0.7909999999999999,2.973
531,Uzbekistan,140,2021,0.334,0.234,-0.137,-0.209,-0.229,-0.183,-0.259,-0.44899999999999995,3.315
532,Austria,144,2018,2.119,3.016,2.605,0.798,1.735,2.196,1.56,14.029,na
533,Austria,144,2019,2.711,3.016,2.605,0.805,1.451,2.196,1.56,14.344000000000001,0.3150000000000013
534,Austria,144,2020,2.711,3.016,2.605,0.805,1.034,1.005,1.573,12.749000000000002,-1.2799999999999976
535,Austria,144,2021,2.711,3.016,2.605,0.805,1.997,1.005,1.573,13.712,-0.31700000000000017
536,Bahrain,146,2018,-2.002,-1.931,-2.448,-2.123,-1.027,-0.506,-0.167,-10.204,na
537,Bahrain,146,2019,-1.002,-0.927,-2.448,-1.39,-1.027,-0.161,-0.167,-7.121999999999999,3.0820000000000016
538,Bahrain,146,2020,-0.799,-0.747,-2.448,-1.39,-0.834,-0.161,0.095,-6.283999999999999,3.9200000000000017
539,Bahrain,146,2021,-0.799,-0.747,-2.448,-1.39,-0.834,-0.161,0.095,-6.283999999999999,3.9200000000000017
540,Barbados,147,2018,2.473,2.528,1.749,2.365,2.393,2.199,2.088,15.794999999999998,na
541,Barbados,147,2019,2.473,2.528,2.153,2.365,2.393,2.199,2.088,16.198999999999998,0.4039999999999999
542,Barbados,147,2020,2.473,2.528,2.153,2.365,2.393,2.199,2.088,16.198999999999998,0.4039999999999999
543,Barbados,147,2021,2.473,2.528,2.153,2.365,2.393,2.199,2.088,16.198999999999998,0.4039999999999999
544,Belgium,148,2018,2.372,2.44,3.185,1.821,1.662,2.265,2.42,16.165,na
545,Belgium,148,2019,2.372,2.44,3.185,1.821,1.662,2.265,2.42,16.165,0.0
546,Belgium,148,2020,2.372,2.44,3.185,1.821,0.692,2.265,2.42,15.195,-0.9699999999999989
547,Belgium,148,2021,2.372,2.44,2.05,1.821,0.973,2.265,2.42,14.341000000000001,-1.823999999999998
548,Bosnia and Herzegovina,150,2018,1.0,0.39,0.696,0.991,2.159,1.317,1.159,7.712000000000001,na
549,Bosnia and Herzegovina,150,2019,0.992,0.116,0.664,0.991,2.531,1.317,0.913,7.524000000000001,-0.18799999999999972
550,Bosnia and Herzegovina,150,2020,0.692,0.116,0.551,0.991,2.531,1.056,0.8,6.737,-0.9750000000000005
551,Bosnia and Herzegovina,150,2021,0.692,0.116,0.551,0.991,2.148,0.699,0.63,5.827,-1.8850000000000007
552,Bulgaria,152,2018,1.556,1.525,1.451,1.024,2.142,1.303,1.669,10.670000000000002,na
553,Bulgaria,152,2019,1.556,1.525,1.451,1.024,2.142,1.303,1.669,10.670000000000002,0.0
554,Bulgaria,152,2020,1.556,1.525,1.405,1.424,2.142,1.303,1.669,11.024000000000001,0.3539999999999992
555,Bulgaria,152,2021,1.913,1.857,1.198,1.091,2.142,1.304,1.994,11.499,0.8289999999999988
556,Comoros,153,2018,-0.151,0.154,1.817,-0.451,0.377,0.983,0.602,3.3309999999999995,na
557,Comoros,153,2019,-0.151,0.107,1.817,-0.451,0.377,0.983,0.602,3.284,-0.04699999999999971
558,Comoros,153,2020,-0.151,0.348,1.534,-0.249,0.522,0.049,0.182,2.2350000000000003,-1.0959999999999992
559,Comoros,153,2021,0.397,0.697,1.23,-0.249,0.629,0.049,0.398,3.151,-0.17999999999999972
560,Croatia,154,2018,1.408,1.209,0.888,1.504,2.479,1.736,2.422,11.646,na
561,Croatia,154,2019,1.472,1.025,1.003,1.504,1.519,0.781,1.296,8.6,-3.046000000000001
562,Croatia,154,2020,1.775,1.025,1.076,1.504,0.939,0.213,0.726,7.258,-4.388000000000001
563,Croatia,154,2021,1.775,1.404,1.076,1.508,1.094,1.267,2.171,10.295,-1.3510000000000009
564,Cuba,155,2018,-1.34,-1.105,-1.58,-0.136,-0.835,-0.391,-0.233,-5.62,na
565,Cuba,155,2019,-1.395,-1.142,-1.58,0.007,-0.835,-0.391,-0.233,-5.569,0.051000000000000156
566,Cuba,155,2020,-1.826,-1.798,-1.747,0.007,-0.835,-0.391,-0.233,-6.823,-1.2030000000000003
567,Cuba,155,2021,-1.826,-1.798,-1.747,0.007,-1.511,-1.064,-0.883,-8.822000000000001,-3.202000000000001
568,Cyprus,156,2018,2.08,2.226,2.128,1.347,2.233,2.055,0.998,13.067,na
569,Cyprus,156,2019,2.08,2.226,2.293,1.347,1.849,2.055,0.998,12.847999999999999,-0.2190000000000012
570,Cyprus,156,2020,2.08,2.226,2.293,1.347,1.393,2.055,0.998,12.392,-0.6750000000000007
571,Cyprus,156,2021,2.08,2.226,2.225,1.347,1.393,2.055,0.998,12.324,-0.7430000000000003
572,Czech Republic,157,2018,3.089,3.164,2.195,1.414,2.696,1.622,1.78,15.959999999999999,na
573,Czech Republic,157,2019,3.089,3.164,2.267,1.513,2.696,1.905,2.099,16.732999999999997,0.7729999999999979
574,Czech Republic,157,2020,2.337,2.39,2.076,1.513,0.822,1.26,1.561,11.959,-4.0009999999999994
575,Czech Republic,157,2021,1.855,1.826,1.537,1.513,1.104,1.375,1.65,10.860000000000001,-5.099999999999998
576,Denmark,158,2018,3.095,3.275,2.619,1.355,2.712,1.994,2.234,17.284,na
577,Denmark,158,2019,3.095,2.09,2.619,1.355,1.836,1.994,2.234,15.223,-2.060999999999998
578,Denmark,158,2020,3.095,2.981,2.619,1.355,1.404,1.045,1.007,13.506,-3.7779999999999987
579,Denmark,158,2021,3.095,2.981,2.619,2.248,1.532,1.114,1.409,14.998000000000003,-2.285999999999996
580,Equatorial Guinea,160,2018,-1.314,-1.264,-1.848,0.541,-0.753,-1.265,-0.544,-6.446999999999999,na
581,Equatorial Guinea,160,2019,-0.941,-0.826,-2.165,0.541,-0.715,-1.265,-0.544,-5.914999999999999,0.532
582,Equatorial Guinea,160,2020,-0.941,-0.882,-2.333,0.507,-0.715,-1.458,-0.76,-6.582000000000001,-0.13500000000000156
583,Equatorial Guinea,160,2021,-0.941,-0.882,-2.333,0.507,-0.715,-1.45,-0.852,-6.666000000000001,-0.21900000000000208
584,Estonia,161,2018,2.41,2.334,2.647,1.962,2.352,2.087,2.297,16.089,na
585,Estonia,161,2019,2.41,2.334,2.04,1.372,2.352,2.087,2.297,14.892000000000001,-1.1969999999999974
586,Estonia,161,2020,2.41,2.334,2.04,1.372,2.352,2.087,2.297,14.892000000000001,-1.1969999999999974
587,Estonia,161,2021,2.41,2.334,2.792,2.079,2.352,2.087,2.297,16.351,0.26200000000000045
588,Fiji,162,2018,0.069,0.039,-0.422,0.911,1.005,1.454,1.556,4.612,na
589,Fiji,162,2019,0.069,0.039,0.0,1.092,1.005,1.454,1.556,5.215,0.6029999999999998
590,Fiji,162,2020,0.069,0.039,0.0,1.092,1.17,1.009,1.333,4.712,0.09999999999999964
591,Fiji,162,2021,0.161,0.082,0.0,1.092,1.044,0.812,1.142,4.333,-0.2789999999999999
592,Finland,163,2018,2.53,2.909,3.102,2.895,2.757,2.23,2.539,18.962,na
593,Finland,163,2019,2.53,2.909,2.039,1.835,2.757,2.23,2.539,16.839,-2.123000000000001
594,Finland,163,2020,2.53,2.909,2.809,2.516,2.182,2.23,2.539,17.715000000000003,-1.2469999999999963
595,Finland,163,2021,2.53,2.909,2.809,2.516,2.182,2.23,2.539,17.715000000000003,-1.2469999999999963
596,Greece,164,2018,2.515,2.581,1.605,1.045,2.777,1.705,2.136,14.364,na
597,Greece,164,2019,2.286,2.368,1.605,0.473,2.777,1.705,2.136,13.350000000000001,-1.0139999999999993
598,Greece,164,2020,2.286,2.368,1.605,0.473,2.777,1.705,2.136,13.350000000000001,-1.0139999999999993
599,Greece,164,2021,2.208,2.292,1.605,0.473,2.777,1.705,2.136,13.196000000000002,-1.1679999999999993
600,Guyana,166,2018,2.491,2.178,1.846,2.079,1.118,2.162,1.71,13.584000000000003,na
601,Guyana,166,2019,2.491,2.136,1.514,2.079,1.118,2.162,1.71,13.21,-0.37400000000000233
602,Guyana,166,2020,2.491,2.136,1.817,2.079,1.118,2.162,1.71,13.513000000000002,-0.0710000000000015
603,Guyana,166,2021,1.863,1.577,1.877,2.079,1.635,1.032,1.273,11.336,-2.248000000000003
604,Hong Kong,167,2018,1.2,1.201,0.794,1.086,1.561,1.809,1.915,9.565999999999999,na
605,Hong Kong,167,2019,0.801,0.82,0.641,1.086,1.793,1.809,1.915,8.865,-0.7009999999999987
606,Hong Kong,167,2020,0.179,0.189,0.255,0.664,0.726,1.578,1.793,5.384,-4.181999999999999
607,Hong Kong,167,2021,-0.144,-0.097,-0.432,0.498,0.187,0.922,1.134,2.0679999999999996,-7.497999999999999
608,Iceland,168,2018,2.563,2.442,2.612,2.204,2.122,2.364,2.564,16.871000000000002,na
609,Iceland,168,2019,2.563,2.442,2.612,2.204,2.122,2.364,2.564,16.871000000000002,0.0
610,Iceland,168,2020,2.048,2.002,1.989,2.204,2.046,2.364,2.564,15.216999999999999,-1.6540000000000035
611,Iceland,168,2021,2.048,2.002,1.989,2.204,2.046,2.364,2.564,15.216999999999999,-1.6540000000000035
612,Israel,169,2018,1.491,1.4,1.547,1.543,0.837,1.414,0.843,9.075,na
613,Israel,169,2019,1.491,1.357,2.36,2.08,0.822,1.414,0.843,10.366999999999999,1.2919999999999998
614,Israel,169,2020,2.096,2.089,2.36,2.08,1.428,1.414,0.843,12.31,3.235000000000001
615,Israel,169,2021,2.096,2.089,2.36,1.744,1.428,1.414,0.843,11.973999999999998,2.898999999999999
616,Kuwait,171,2018,-0.38,-0.361,-0.122,-0.24,1.554,0.958,-0.22,1.189,na
617,Kuwait,171,2019,0.137,-0.361,0.253,-0.24,1.554,0.958,-0.015,2.286,1.097
618,Kuwait,171,2020,0.137,-0.361,0.253,-0.05,1.554,0.958,-0.015,2.476,1.287
619,Kuwait,171,2021,0.294,0.102,0.253,0.084,1.554,0.958,-0.028,3.217,2.028
620,Lithuania,173,2018,1.433,1.328,1.661,1.932,2.065,2.067,2.429,12.915000000000001,na
621,Lithuania,173,2019,1.433,1.328,1.661,1.932,2.065,2.067,2.429,12.915000000000001,0.0
622,Lithuania,173,2020,1.433,1.328,1.661,1.932,2.021,1.121,1.89,11.386000000000001,-1.529
623,Lithuania,173,2021,1.433,1.328,1.661,1.399,1.801,0.917,1.726,10.265,-2.6500000000000004
624,Luxembourg,174,2018,2.89,2.118,2.667,1.916,2.411,2.046,2.221,16.269,na
625,Luxembourg,174,2019,2.89,2.118,2.667,1.916,2.411,2.046,2.221,16.269,0.0
626,Luxembourg,174,2020,2.89,2.118,2.667,1.916,1.37,0.738,0.968,12.666999999999998,-3.6020000000000003
627,Luxembourg,174,2021,2.89,2.118,2.667,1.916,1.37,0.901,1.61,13.471999999999998,-2.7970000000000006
628,North Macedonia,176,2018,0.971,1.142,1.444,0.903,1.396,1.427,1.164,8.447,na
629,North Macedonia,176,2019,0.971,1.142,1.275,1.228,1.798,1.427,1.164,9.004999999999999,0.5579999999999998
630,North Macedonia,176,2020,0.971,1.142,1.487,1.228,1.407,1.427,1.164,8.826,0.37900000000000134
631,North Macedonia,176,2021,0.971,1.142,1.561,1.228,1.407,1.427,1.164,8.9,0.4530000000000012
632,Malaysia,177,2018,0.498,0.533,0.4,-0.283,0.428,1.368,1.388,4.332,na
633,Malaysia,177,2019,0.498,0.533,0.4,-0.283,0.428,1.368,1.388,4.332,0.0
634,Malaysia,177,2020,0.273,0.335,-0.15,-0.283,0.428,1.368,1.388,3.359,-0.9729999999999999
635,Malaysia,177,2021,0.273,0.335,-0.319,-0.283,0.428,1.368,1.388,3.1900000000000004,-1.1419999999999995
636,Malta,178,2018,1.406,1.483,1.298,1.93,2.223,1.036,1.179,10.555,na
637,Malta,178,2019,1.406,1.483,1.298,1.93,2.223,1.036,1.179,10.555,0.0
638,Malta,178,2020,1.406,1.483,1.298,1.772,2.223,1.036,1.179,10.397,-0.15799999999999947
639,Malta,178,2021,1.553,1.614,1.47,1.808,2.223,1.036,1.179,10.883,0.3279999999999994
640,Mauritius,180,2018,2.714,2.103,1.334,1.676,2.212,1.824,1.122,12.985,na
641,Mauritius,180,2019,2.714,2.103,1.334,1.676,2.25,1.824,1.078,12.979,-0.006000000000000227
642,Mauritius,180,2020,1.376,1.719,0.506,1.676,1.293,1.824,1.078,9.472,-3.513
643,Mauritius,180,2021,1.035,1.433,0.506,1.676,0.729,1.824,0.515,7.718,-5.2669999999999995
644,Montenegro,183,2018,1.382,1.391,0.33,2.272,1.17,2.049,1.861,10.455,na
645,Montenegro,183,2019,1.382,1.391,0.33,1.106,1.17,2.049,1.861,9.289,-1.1660000000000004
646,Montenegro,183,2020,1.382,1.391,0.33,0.718,0.773,-0.084,-0.416,4.093999999999999,-6.361000000000001
647,Montenegro,183,2021,1.952,1.391,0.795,0.859,2.09,-0.084,-0.416,6.587,-3.8680000000000003
648,New Zealand,185,2018,2.921,3.006,3.068,2.715,2.385,2.41,2.583,19.088,na
649,New Zealand,185,2019,2.921,3.006,3.068,2.715,2.385,2.41,2.583,19.088,0.0
650,New Zealand,185,2020,2.921,3.006,2.444,2.715,1.199,2.41,2.583,17.278,-1.8100000000000023
651,New Zealand,185,2021,2.921,3.006,1.759,2.715,0.636,2.41,2.583,16.03,-3.058
652,Norway,186,2018,2.27,2.264,3.167,2.703,2.607,2.317,2.216,17.544,na
653,Norway,186,2019,2.27,1.572,3.167,2.703,2.607,2.317,1.073,15.709,-1.8350000000000009
654,Norway,186,2020,2.27,1.572,3.167,2.703,0.365,1.026,0.77,11.873,-5.671000000000001
655,Norway,186,2021,2.27,1.572,3.167,2.703,0.365,1.026,0.77,11.873,-5.671000000000001
656,Oman,187,2018,-0.781,-0.835,-0.643,-0.299,0.955,1.142,-0.592,-1.0530000000000004,na
657,Oman,187,2019,-0.632,-0.835,-0.643,-0.003,0.955,1.142,-0.592,-0.6080000000000004,0.44499999999999995
658,Oman,187,2020,-0.632,-0.835,-0.643,-0.003,0.775,0.695,-0.592,-1.2350000000000005,-0.18200000000000016
659,Oman,187,2021,-0.632,-0.835,-0.643,-0.003,0.775,0.789,-0.592,-1.1410000000000005,-0.08800000000000008
660,Paraguay,189,2018,1.383,1.17,1.82,2.233,2.019,1.763,1.674,12.062,na
661,Paraguay,189,2019,1.383,1.17,1.82,2.233,2.019,1.763,1.674,12.062,0.0
662,Paraguay,189,2020,1.383,1.17,1.82,2.233,1.296,0.959,0.991,9.852,-2.209999999999999
663,Paraguay,189,2021,1.383,1.17,1.82,2.233,1.296,0.959,0.991,9.852,-2.209999999999999
664,Romania,190,2018,1.553,1.331,1.1,1.434,2.788,1.552,1.917,11.674999999999999,na
665,Romania,190,2019,1.834,1.537,1.483,1.434,2.788,1.552,1.917,12.545,0.870000000000001
666,Romania,190,2020,1.87,1.693,1.698,1.434,0.863,0.955,1.014,9.527,-2.1479999999999997
667,Romania,190,2021,2.813,2.427,1.698,0.825,1.128,0.624,1.136,10.651,-1.0239999999999991
668,Sao Tome and Principe,196,2018,2.182,1.637,1.806,1.957,2.144,2.112,2.125,13.963,na
669,Sao Tome and Principe,196,2019,2.182,1.637,1.806,1.957,2.144,2.112,2.125,13.963,0.0
670,Sao Tome and Principe,196,2020,2.182,1.637,1.806,1.957,2.144,2.112,2.125,13.963,0.0
671,Sao Tome and Principe,196,2021,2.182,1.637,1.806,1.957,2.144,2.112,2.125,13.963,0.0
672,Saudi Arabia,197,2018,-1.355,-1.344,-1.676,-2.216,-1.173,0.435,-2.452,-9.781,na
673,Saudi Arabia,197,2019,-1.174,-1.188,-1.348,-2.876,-0.966,0.435,-1.498,-8.615,1.1660000000000004
674,Saudi Arabia,197,2020,-1.374,-1.368,-1.231,-2.876,-1.057,0.435,-1.805,-9.276000000000002,0.504999999999999
675,Saudi Arabia,197,2021,-1.28,-1.262,-1.231,-2.876,-1.057,0.435,-1.675,-8.946,0.8350000000000009
676,Serbia,198,2018,0.915,0.894,0.809,1.438,2.32,1.23,1.394,9.0,na
677,Serbia,198,2019,0.915,0.894,0.809,1.662,2.32,1.23,1.394,9.224,0.2240000000000002
678,Serbia,198,2020,1.243,0.894,0.809,1.662,1.687,0.916,1.106,8.317000000000002,-0.682999999999998
679,Serbia,198,2021,1.165,0.894,0.809,1.662,1.135,1.091,1.269,8.025,-0.9749999999999996
680,Seychelles,199,2018,0.386,0.418,0.776,0.893,0.803,1.955,2.176,7.407,na
681,Seychelles,199,2019,0.834,0.714,0.776,0.893,0.803,1.955,2.176,8.151,0.7439999999999998
682,Seychelles,199,2020,0.834,0.714,1.753,1.287,0.575,1.955,2.176,9.294,1.8870000000000005
683,Seychelles,199,2021,0.834,0.714,1.753,1.287,0.575,1.955,2.176,9.294,1.8870000000000005
684,Singapore,200,2018,-0.127,0.255,-0.128,1.147,0.864,1.717,1.437,5.165,na
685,Singapore,200,2019,-0.209,0.03,-0.128,0.886,1.631,1.165,1.437,4.812,-0.35299999999999976
686,Singapore,200,2020,-0.147,0.242,-0.128,0.886,1.589,1.724,1.93,6.096,0.931
687,Singapore,200,2021,-0.147,0.242,-0.128,0.886,1.376,1.048,1.359,4.636,-0.5289999999999999
688,Slovakia,201,2018,1.546,1.538,1.34,0.875,2.449,1.961,2.186,11.895,na
689,Slovakia,201,2019,2.365,2.35,2.136,0.875,2.449,1.961,2.186,14.322000000000001,2.4270000000000014
690,Slovakia,201,2020,2.365,2.35,2.132,1.023,1.153,0.956,1.279,11.258,-0.6370000000000005
691,Slovakia,201,2021,2.365,2.35,2.886,1.023,1.153,0.956,1.279,12.012,0.11700000000000088
692,Slovenia,202,2018,2.491,2.233,2.498,1.123,2.516,1.615,1.243,13.719000000000001,na
693,Slovenia,202,2019,2.491,2.233,2.498,1.123,2.516,1.615,1.243,13.719000000000001,0.0
694,Slovenia,202,2020,1.487,1.481,1.475,1.68,1.161,0.711,0.841,8.835999999999999,-4.883000000000003
695,Slovenia,202,2021,0.892,0.869,1.158,1.68,1.161,1.358,1.488,8.606,-5.113000000000001
696,Solomon Islands,203,2018,1.969,0.866,1.917,1.124,1.649,1.326,-0.053,8.797999999999998,na
697,Solomon Islands,203,2019,1.969,0.866,1.917,1.124,1.649,1.326,-0.053,8.797999999999998,0.0
698,Solomon Islands,203,2020,1.591,1.007,1.917,1.802,1.061,1.111,-0.053,8.436,-0.3619999999999983
699,Solomon Islands,203,2021,1.591,1.149,1.917,1.802,0.91,1.275,-0.05,8.594,-0.20399999999999885
700,Vanuatu,206,2018,1.702,2.094,2.19,1.889,1.374,1.16,0.727,11.136000000000001,na
701,Vanuatu,206,2019,1.702,2.094,2.19,1.889,1.374,1.16,0.727,11.136000000000001,0.0
702,Vanuatu,206,2020,1.389,1.37,2.19,1.889,1.374,1.16,0.727,10.099,-1.0370000000000008
703,Vanuatu,206,2021,2.628,2.64,2.638,1.889,1.374,1.16,0.727,13.056000000000001,1.92
704,United Arab Emirates,207,2018,-0.217,-0.605,-0.992,0.67,0.188,-0.314,-0.885,-2.1550000000000002,na
705,United Arab Emirates,207,2019,-0.217,-0.605,-0.643,0.67,0.188,-0.314,-1.293,-2.2139999999999995,-0.058999999999999275
706,United Arab Emirates,207,2020,-0.217,-0.605,-0.643,0.67,0.188,-0.723,-1.08,-2.4099999999999997,-0.25499999999999945
707,United Arab Emirates,207,2021,-0.597,-0.885,-1.011,0.67,0.188,-0.446,-0.909,-2.99,-0.835
708,Hungary,210,2018,1.406,1.221,0.434,1.516,2.648,2.033,2.342,11.6,na
709,Hungary,210,2019,1.115,1.031,0.241,1.516,2.648,2.033,2.342,10.926,-0.6739999999999995
710,Hungary,210,2020,1.115,1.031,0.027,1.442,1.063,2.033,2.342,9.053,-2.546999999999999
711,Hungary,210,2021,1.643,1.523,-0.047,1.442,1.563,2.033,2.342,10.499,-1.100999999999999
712,Zanzibar,236,2018,-0.417,-0.664,-0.293,1.117,0.008,1.14,0.9,1.791,na
713,Zanzibar,236,2019,-0.417,-0.664,-0.615,0.961,0.008,1.14,0.9,1.313,-0.478
714,Zanzibar,236,2020,-0.336,-0.57,-0.624,1.051,-0.11,1.487,1.029,1.927,0.13600000000000012
715,Zanzibar,236,2021,0.351,-0.168,0.03,1.051,-0.035,1.487,1.029,3.745,1.9540000000000002
